Brand,Battery_Capacity_kWh,Motor_Power_kW,Weight_kg,Max_Charge_Power_kW,Drag_Coefficient,Price_USD,Range_km,Charge_Time_mins
Volkswagen,109.7,219,2534,100,0.22,55542,577,63
BMW,48.3,297,2089,350,0.26,45797,219,11
Chevrolet,68.2,739,2528,350,0.27,79485,247,17
BMW,79.5,122,2086,50,0.24,52968,340,93
Kia,33.1,647,1870,250,0.29,67838,122,10
Rivian,126.5,494,2705,350,0.22,78774,580,24
Hyundai,122.6,523,2652,350,0.31,70480,471,23
Chevrolet,106.1,464,2573,150,0.28,74632,405,39
Nissan,120.8,262,2745,250,0.34,63725,422,31
Porsche,40.5,396,2111,250,0.23,51261,208,11
Porsche,94.8,100,2173,150,0.26,51224,374,37
Kia,51.9,462,2129,250,0.25,53517,214,12
Tesla,56.7,734,2276,50,0.3,82865,242,67
Volkswagen,97.2,595,2381,150,0.24,75274,443,38
Tesla,45.1,430,2154,250,0.3,58765,205,13
Nissan,124.1,358,2549,100,0.33,60502,557,70
Rivian,55.8,528,2233,250,0.24,59553,306,16
Chevrolet,102.6,683,2577,50,0.3,73585,426,112
Kia,74.8,746,2338,150,0.3,70410,297,31
Kia,127.9,416,2654,150,0.27,73351,574,50
BMW,102.2,282,2462,50,0.35,61176,353,111
Hyundai,122.8,378,2722,350,0.29,59714,402,22
Ford,85.7,708,2602,100,0.29,81902,429,49
Polestar,100.9,459,2643,100,0.32,72489,398,57
Porsche,92.8,226,2338,250,0.33,64307,341,23
Chevrolet,76.6,452,2271,350,0.33,65050,305,12
Audi,107.0,240,2402,350,0.23,57864,512,19
Chevrolet,73.9,150,2117,350,0.23,48066,332,15
Rivian,45.6,262,2172,350,0.24,39623,252,13
Chevrolet,105.8,109,2352,250,0.21,46947,501,26
Volkswagen,64.6,402,2175,350,0.33,67687,274,15
Audi,124.4,713,2893,250,0.29,79340,471,34
Tesla,111.1,633,2819,100,0.23,76777,459,61
Ford,98.3,146,2348,350,0.33,59222,357,20
Mercedes-Benz,33.9,371,1961,350,0.31,46983,133,10
Hyundai,53.9,541,2317,50,0.24,62447,224,56
Mercedes-Benz,119.6,352,2605,250,0.29,61489,422,34
Polestar,51.3,715,2146,50,0.22,73490,277,59
Tesla,40.1,154,1854,100,0.33,42947,185,23
Mercedes-Benz,67.1,628,2204,50,0.29,68062,321,70
Volkswagen,72.4,689,2421,350,0.26,77167,297,15
Volkswagen,104.6,479,2629,50,0.26,69932,455,114
Hyundai,55.3,552,2148,50,0.29,74609,229,63
Audi,47.0,520,2055,100,0.23,52099,186,28
Tesla,58.0,367,1996,350,0.34,58451,280,15
Ford,85.2,207,2271,50,0.32,49001,366,96
Porsche,127.0,647,2828,150,0.22,84347,600,52
Volkswagen,106.9,714,2731,100,0.26,77398,375,59
Nissan,52.9,536,2037,100,0.27,67065,296,31
BMW,86.1,669,2466,50,0.29,81734,248,96
Polestar,51.3,188,1831,150,0.21,48990,305,25
Volkswagen,82.4,553,2425,350,0.22,60806,380,16
Ford,92.1,325,2436,150,0.21,63406,336,37
Chevrolet,81.5,732,2488,350,0.23,76942,313,14
Ford,42.9,314,1937,50,0.3,50170,171,50
Audi,78.5,501,2382,100,0.31,71347,346,52
Mercedes-Benz,116.7,330,2511,350,0.23,65216,510,22
Porsche,119.1,485,2607,250,0.25,75848,508,33
Audi,88.7,466,2290,250,0.3,66178,294,24
Tesla,30.8,246,1882,250,0.33,45717,153,10
Kia,96.9,704,2831,150,0.33,80659,405,39
Tesla,91.1,287,2543,350,0.28,63778,367,14
Audi,43.4,141,1857,350,0.2,47172,238,10
Tesla,115.1,584,2759,100,0.22,85120,487,65
Mercedes-Benz,44.0,616,2111,350,0.23,63229,208,10
Rivian,69.2,630,2429,150,0.29,75324,230,25
Volkswagen,83.2,143,2261,150,0.29,51336,280,33
Nissan,104.1,472,2693,350,0.22,71430,368,23
Polestar,105.5,166,2202,350,0.22,52262,550,19
BMW,107.2,107,2355,150,0.3,49225,361,39
Rivian,64.3,247,1969,150,0.22,49195,300,32
BMW,89.3,166,2302,250,0.32,48683,358,21
Nissan,42.5,698,2194,350,0.26,70776,202,12
Chevrolet,69.8,449,2414,150,0.34,65287,175,29
Polestar,75.2,191,2196,350,0.34,44504,275,12
Nissan,75.9,462,2389,250,0.28,55220,284,18
Chevrolet,51.0,683,2192,350,0.26,74549,220,14
Ford,82.4,386,2252,100,0.27,59672,351,46
Chevrolet,67.3,275,2064,250,0.33,44097,343,21
Volkswagen,97.2,112,2367,50,0.32,48893,400,106
Audi,102.2,656,2609,350,0.22,79394,472,18
Tesla,50.8,117,1893,350,0.33,44749,275,12
Polestar,55.9,346,1964,350,0.25,51645,275,15
Rivian,106.4,191,2493,100,0.28,49116,440,59
Tesla,56.9,452,2046,150,0.26,59583,302,26
Rivian,87.7,278,2471,50,0.26,51891,449,95
Polestar,89.7,490,2362,350,0.33,58166,401,17
Kia,103.8,153,2307,250,0.32,60914,465,27
Kia,77.6,531,2395,50,0.24,68249,330,86
Polestar,89.7,317,2399,100,0.27,55268,304,55
Audi,73.5,260,2267,250,0.35,53787,327,18
BMW,84.2,667,2701,350,0.31,80333,371,19
Porsche,124.4,125,2600,100,0.29,55932,488,72
Nissan,114.5,307,2637,100,0.3,76959,390,63
Chevrolet,99.6,320,2430,50,0.28,47683,440,110
BMW,53.3,115,2056,100,0.35,38633,238,31
Audi,57.2,358,2109,250,0.31,47617,222,16
Nissan,101.6,482,2461,50,0.34,61757,337,112
Volkswagen,117.9,714,3031,50,0.31,81898,361,126
Chevrolet,81.3,249,2334,100,0.26,56567,381,44
Porsche,122.8,746,2818,100,0.27,75631,432,67
Polestar,43.0,677,2094,50,0.33,68598,178,50
Ford,70.8,342,2325,100,0.28,65585,282,42
Audi,86.6,273,2411,150,0.33,51218,306,34
Mercedes-Benz,99.7,542,2706,350,0.33,78072,393,19
Ford,111.8,640,2632,350,0.24,74949,474,20
Audi,111.9,183,2605,250,0.29,55598,430,28
Tesla,107.1,560,2596,50,0.21,81334,563,113
Mercedes-Benz,32.2,310,2069,100,0.2,47384,156,18
Mercedes-Benz,99.4,243,2533,100,0.32,54196,354,53
Rivian,119.4,249,2454,250,0.27,64178,592,30
Nissan,31.8,617,2107,250,0.2,69410,169,10
Volkswagen,42.5,545,1976,50,0.22,53482,182,51
Mercedes-Benz,45.0,401,2257,100,0.27,56177,173,29
Kia,120.8,570,2689,250,0.35,85176,456,27
Rivian,107.6,711,2804,50,0.28,80664,384,114
Volkswagen,50.1,550,2210,350,0.31,66011,216,10
Ford,92.5,609,2583,150,0.27,76270,435,39
Chevrolet,34.1,206,2044,250,0.24,45213,138,10
Chevrolet,46.2,113,2039,150,0.23,40947,204,19
Tesla,114.0,213,2509,250,0.29,73974,502,29
Chevrolet,87.9,385,2430,350,0.26,67497,466,19
Chevrolet,89.2,693,2613,350,0.31,79109,292,16
Mercedes-Benz,73.7,163,2141,350,0.27,49486,253,13
Polestar,61.2,359,2340,250,0.35,44714,263,16
Porsche,73.1,261,2240,150,0.34,44642,250,32
Hyundai,83.4,608,2424,250,0.28,72825,418,21
Chevrolet,75.2,707,2407,350,0.22,63114,413,15
Polestar,30.5,718,2194,150,0.27,62307,128,15
Volkswagen,46.2,222,2045,350,0.27,47818,211,12
Rivian,67.4,111,2161,50,0.2,38646,311,75
Hyundai,96.7,475,2577,250,0.22,69120,353,24
Porsche,40.9,522,2178,350,0.32,59882,189,10
Porsche,62.8,509,2154,100,0.26,61492,280,33
Tesla,74.4,109,2030,100,0.31,37176,387,44
Nissan,90.8,597,2541,100,0.31,72211,416,53
Hyundai,119.8,258,2568,100,0.22,64472,559,71
BMW,83.9,302,2342,250,0.31,63452,356,22
Volkswagen,98.1,217,2577,50,0.29,52575,421,107
Rivian,41.2,101,1886,350,0.33,47037,159,10
Mercedes-Benz,120.6,600,2602,250,0.24,75752,524,32
Nissan,45.0,375,2075,350,0.23,52100,235,10
Hyundai,94.2,494,2346,350,0.29,70612,413,18
Chevrolet,74.3,389,2211,50,0.3,62126,321,79
Nissan,38.6,681,2091,150,0.25,69236,144,22
BMW,53.4,451,2249,100,0.3,51581,197,30
Chevrolet,103.1,402,2535,250,0.34,64085,372,27
Porsche,112.2,100,2328,250,0.35,56386,329,26
Hyundai,39.3,267,1990,350,0.32,42280,190,11
Hyundai,64.6,255,2011,50,0.25,63134,238,72
Chevrolet,108.6,473,2405,250,0.34,74965,490,26
Kia,44.1,237,1942,50,0.25,58816,229,49
Tesla,122.3,416,2825,350,0.25,75013,502,23
Nissan,38.0,604,1767,250,0.25,58833,138,12
Mercedes-Benz,31.8,491,1868,350,0.32,53091,108,10
Porsche,108.3,272,2461,250,0.29,56751,383,25
Mercedes-Benz,92.4,442,2355,250,0.26,55860,372,26
Volkswagen,103.4,600,2897,100,0.22,79650,478,62
Audi,83.5,239,2285,150,0.24,50215,401,38
Nissan,116.5,258,2515,100,0.27,60153,377,68
Mercedes-Benz,43.3,166,1975,100,0.27,52746,216,26
Ford,68.6,392,2184,50,0.29,54931,289,77
Tesla,74.3,131,2269,150,0.2,52412,352,29
Volkswagen,108.4,330,2466,100,0.21,59396,561,62
Porsche,127.6,533,2766,50,0.28,77455,472,139
Hyundai,122.0,438,2721,250,0.22,60652,462,31
Rivian,91.3,712,2538,150,0.33,80380,312,37
Tesla,55.8,453,2199,350,0.31,62482,268,14
BMW,35.4,308,1854,250,0.21,51543,195,11
Chevrolet,45.1,322,2079,150,0.31,45838,233,20
Porsche,106.1,204,2425,50,0.31,57645,420,117
Ford,50.4,460,2113,150,0.23,58153,259,21
Rivian,114.0,641,2809,150,0.33,78412,471,38
Nissan,102.2,676,2561,150,0.22,70933,417,37
Volkswagen,78.1,517,2395,250,0.28,63346,326,22
BMW,62.2,513,2336,150,0.21,66500,311,27
Chevrolet,74.0,195,2117,100,0.26,45154,281,44
Kia,93.6,610,2499,150,0.3,82597,368,38
Kia,57.3,436,2208,100,0.33,51258,224,32
Hyundai,75.8,413,2032,100,0.21,58524,398,47
Kia,35.7,246,1881,250,0.3,40050,145,11
BMW,108.7,733,2653,100,0.33,93556,355,64
Hyundai,83.2,367,2422,100,0.31,58697,307,48
Rivian,71.9,269,2302,50,0.27,47462,291,77
Hyundai,90.9,327,2317,50,0.28,61427,348,100
Kia,52.6,650,2426,100,0.22,62848,253,35
Kia,59.1,611,2248,150,0.21,63824,244,26
Nissan,105.7,437,2513,350,0.3,71183,384,20
BMW,107.2,117,2409,250,0.28,57481,395,26
Ford,39.3,386,2057,150,0.23,59002,155,18
Hyundai,61.2,517,1972,250,0.22,75808,310,19
Volkswagen,48.4,681,2245,250,0.32,66017,215,15
Volkswagen,126.7,371,2592,100,0.26,71788,565,76
Hyundai,127.3,318,2709,50,0.32,56583,590,137
BMW,75.9,332,2402,250,0.28,57998,310,19
Chevrolet,44.2,326,1970,100,0.31,47981,247,29
Polestar,114.4,265,2515,250,0.3,60008,424,26
Rivian,81.3,298,2239,350,0.2,59497,409,18
Mercedes-Benz,119.9,522,2682,250,0.26,74591,409,27
Tesla,34.2,580,2204,100,0.34,63316,136,23
Mercedes-Benz,126.3,572,2885,250,0.3,70358,401,30
Polestar,37.4,247,1975,50,0.21,43985,229,43
Tesla,58.5,378,2242,350,0.28,60475,221,13
Audi,125.6,116,2612,250,0.34,53577,391,29
Kia,90.7,510,2644,250,0.3,64160,377,22
Polestar,104.4,429,2456,50,0.2,68853,472,113
Rivian,127.2,315,2534,150,0.27,71985,555,47
Tesla,51.9,123,1988,250,0.24,34815,166,14
Kia,123.2,358,2685,350,0.25,77045,470,23
Chevrolet,75.1,704,2446,350,0.26,77763,228,16
BMW,97.5,292,2494,350,0.32,62039,413,16
Hyundai,42.1,372,2131,250,0.34,59549,126,11
Mercedes-Benz,97.9,335,2440,100,0.22,62379,444,53
Chevrolet,83.4,192,2431,50,0.3,47436,273,91
Hyundai,42.3,463,2196,50,0.21,52916,198,48
Porsche,60.6,612,2273,250,0.23,70006,216,19
Volkswagen,61.9,478,2364,250,0.26,63523,237,23
Hyundai,119.0,324,2511,250,0.25,71631,369,29
Tesla,97.7,493,2404,250,0.28,60353,381,25
Kia,105.6,398,2398,100,0.34,67868,443,62
Tesla,38.8,494,2055,350,0.28,48454,193,11
Mercedes-Benz,49.5,137,1910,250,0.24,35834,265,15
Mercedes-Benz,74.4,507,2095,50,0.31,64280,297,80
Volkswagen,69.5,125,2262,50,0.31,34660,372,75
Kia,43.1,613,2178,250,0.27,65356,185,15
Kia,88.9,343,2348,150,0.23,75618,394,31
Ford,102.6,681,2441,250,0.32,72646,320,25
Audi,36.2,674,2222,150,0.2,71337,200,17
Hyundai,65.9,622,2248,50,0.32,70182,269,71
Chevrolet,91.4,157,2324,50,0.31,55053,404,104
Mercedes-Benz,124.8,147,2574,100,0.21,56413,605,70
Ford,101.0,533,2582,250,0.33,68361,291,25
Kia,62.1,409,2264,350,0.21,54361,246,11
Volkswagen,80.3,392,2396,100,0.32,69663,416,42
Nissan,60.3,288,2025,150,0.32,47986,268,22
Ford,102.2,276,2414,50,0.25,60015,443,111
Ford,76.7,321,2292,100,0.25,60644,305,45
Audi,126.4,158,2576,100,0.21,62697,601,71
Volkswagen,55.4,669,2219,150,0.34,70546,187,26
BMW,129.9,168,2594,250,0.33,62534,422,34
Porsche,35.2,598,2204,100,0.23,60574,152,27
Mercedes-Benz,105.4,123,2441,50,0.22,45386,549,117
Hyundai,98.2,404,2406,150,0.26,57213,403,39
Kia,100.9,716,2551,150,0.27,81055,416,39
Polestar,117.8,127,2647,250,0.24,56068,450,28
Rivian,107.0,624,2777,100,0.23,73483,323,63
Volkswagen,64.8,341,2205,150,0.2,53893,314,27
Kia,45.2,684,2352,350,0.23,76547,176,10
Rivian,88.2,743,2595,250,0.28,77914,264,21
Rivian,114.7,304,2537,150,0.22,58064,546,48
Polestar,111.0,715,2869,50,0.33,78774,331,121
Kia,71.6,296,2429,100,0.24,52332,385,41
Kia,106.1,455,2559,150,0.22,66823,369,41
Kia,40.9,513,2142,250,0.35,52014,142,17
Volkswagen,51.4,108,1882,50,0.34,37472,267,58
Audi,107.3,301,2557,50,0.27,63257,475,119
Nissan,65.7,702,2439,100,0.25,72470,248,40
Porsche,70.3,681,2315,350,0.22,65093,272,12
Hyundai,33.3,137,1664,50,0.32,45403,156,35
Ford,120.2,670,2672,250,0.22,81592,416,30
Mercedes-Benz,52.5,380,2159,350,0.28,58396,265,13
Volkswagen,114.6,360,2567,250,0.32,61956,460,27
Chevrolet,89.4,121,2137,100,0.34,51113,395,51
Mercedes-Benz,102.7,603,2663,100,0.32,79020,326,57
Hyundai,106.6,100,2471,350,0.31,51179,311,18
Chevrolet,35.2,224,1871,250,0.23,48908,208,11
Ford,119.6,631,2686,50,0.26,77477,446,126
Rivian,100.9,208,2434,50,0.24,54848,458,110
Porsche,43.0,464,2147,150,0.26,60880,232,21
Volkswagen,42.5,652,2158,50,0.24,59988,193,46
Nissan,45.7,177,2027,350,0.34,45260,185,10
Nissan,68.4,116,2051,250,0.22,59096,367,19
Kia,84.6,728,2541,150,0.27,81220,325,33
BMW,59.0,666,2406,150,0.28,70609,234,25
Nissan,97.4,133,2168,150,0.23,56175,486,38
Hyundai,36.8,609,2080,100,0.26,60068,168,23
Nissan,128.2,610,2774,150,0.32,83164,493,48
Ford,127.1,173,2599,50,0.31,50763,474,135
Polestar,90.5,435,2515,100,0.3,64266,426,49
Nissan,89.9,505,2399,100,0.24,75919,414,53
Porsche,82.6,262,2278,350,0.34,56573,298,17
Ford,67.4,132,1972,50,0.2,44769,295,76
Nissan,102.6,501,2488,50,0.27,72321,450,114
Nissan,73.4,570,2401,100,0.35,73361,269,45
Mercedes-Benz,39.1,229,1963,50,0.23,43934,188,44
Chevrolet,51.5,488,2084,100,0.26,47663,252,31
Mercedes-Benz,108.7,358,2380,150,0.28,65409,460,41
Porsche,63.4,662,2414,50,0.33,67026,294,75
Polestar,93.8,641,2896,150,0.34,72358,309,33
Kia,32.8,236,1880,50,0.31,40898,163,37
Mercedes-Benz,37.0,220,1985,350,0.32,52748,190,10
Porsche,65.7,329,1991,250,0.33,57622,278,19
Rivian,67.4,276,2103,350,0.26,54117,275,20
Rivian,118.4,324,2577,150,0.26,72268,339,44
Volkswagen,73.0,581,2384,250,0.28,64751,344,20
Nissan,41.8,237,1924,150,0.24,41717,191,17
BMW,87.2,741,2717,50,0.28,79492,332,98
Chevrolet,84.7,474,2284,350,0.28,61692,362,16
Audi,99.2,234,2496,100,0.28,69643,390,56
Hyundai,52.2,564,2088,50,0.31,63143,267,61
Porsche,78.5,316,2262,150,0.32,56315,374,27
Porsche,110.4,686,2706,100,0.21,81601,467,62
BMW,84.6,738,2624,250,0.35,75643,225,23
Audi,36.9,340,1846,150,0.26,52635,170,16
Ford,96.2,414,2503,50,0.29,54112,483,101
Rivian,105.9,109,2432,150,0.29,51040,405,42
Mercedes-Benz,45.9,267,1874,100,0.33,47068,279,31
Mercedes-Benz,101.3,351,2364,150,0.23,66088,511,40
Polestar,48.8,150,1874,100,0.27,50413,268,31
Chevrolet,123.9,513,2989,50,0.28,68998,457,136
Volkswagen,56.5,530,2272,250,0.32,61853,241,16
Kia,33.4,671,1953,150,0.32,72332,170,15
Polestar,81.4,578,2629,100,0.33,73963,280,43
Rivian,30.6,402,2007,350,0.25,56786,157,10
Volkswagen,113.7,502,2861,350,0.26,79570,484,21
Ford,100.7,352,2561,250,0.29,55204,400,28
Polestar,76.9,387,2422,100,0.31,69500,300,45
Volkswagen,116.4,171,2466,150,0.23,63537,624,47
Rivian,85.5,586,2441,250,0.21,70504,420,26
Audi,110.3,724,2617,150,0.3,84354,498,41
Polestar,89.3,330,2298,250,0.33,61503,360,24
Audi,49.7,579,2152,50,0.35,63289,211,59
Nissan,64.8,383,2373,100,0.34,56226,218,37
Kia,124.2,148,2412,350,0.28,60167,487,20
Audi,43.0,266,2113,250,0.23,51305,173,14
Audi,38.3,414,1975,150,0.28,66825,174,18
Audi,92.4,277,2293,100,0.32,66024,376,51
Ford,96.7,605,2543,100,0.25,72093,468,52
Ford,77.1,526,2564,250,0.25,64089,341,23
Porsche,81.4,687,2298,350,0.34,89053,317,16
Kia,53.0,459,2301,250,0.22,62785,212,18
Mercedes-Benz,87.7,463,2413,50,0.32,73831,347,98
Hyundai,47.5,537,2080,100,0.28,68096,221,30
Tesla,92.7,587,2701,250,0.27,72753,329,25
Mercedes-Benz,124.5,496,2818,100,0.31,73833,542,70
Ford,47.1,119,1997,350,0.21,50499,214,11
BMW,80.1,132,2212,250,0.34,45478,295,22
Mercedes-Benz,41.2,495,1872,150,0.23,54915,222,21
Polestar,95.2,237,2492,100,0.25,54656,407,57
Chevrolet,64.5,119,2028,150,0.24,49240,305,30
Audi,61.8,651,2230,150,0.25,59606,337,25
BMW,129.0,302,2740,150,0.22,66039,584,50
Audi,67.3,703,2422,350,0.27,83988,221,15
Rivian,94.8,277,2359,150,0.34,52222,410,39
Rivian,101.7,656,2768,250,0.25,75628,352,27
Rivian,90.4,661,2504,250,0.22,66876,433,22
Rivian,43.7,577,2253,100,0.28,66850,225,28
Ford,40.6,667,2283,150,0.26,64937,194,18
Hyundai,39.9,149,1820,350,0.23,44865,198,10
Polestar,83.2,167,2400,100,0.32,42361,372,47
Porsche,33.2,608,2012,250,0.2,62189,136,11
Porsche,87.8,333,2388,350,0.31,56054,341,18
Mercedes-Benz,38.5,403,2132,350,0.29,48500,180,11
BMW,41.9,706,2122,50,0.26,64567,207,45
Polestar,95.6,731,2802,350,0.23,85829,411,15
Nissan,85.1,362,2496,250,0.32,58676,286,21
Nissan,71.3,539,2284,250,0.28,75465,308,17
Chevrolet,53.1,426,2153,150,0.24,53724,263,22
Volkswagen,93.5,509,2648,100,0.21,73889,368,56
Volkswagen,113.3,451,2618,100,0.24,70312,482,59
Audi,84.7,278,2302,150,0.28,50512,380,35
Tesla,102.8,324,2603,150,0.34,60078,442,40
Volkswagen,76.0,380,2201,100,0.29,47959,296,41
BMW,43.1,467,2204,50,0.32,54137,217,52
Porsche,96.2,491,2466,150,0.32,64265,347,38
Ford,122.6,372,2569,150,0.21,66062,439,47
Kia,108.2,303,2599,250,0.26,66547,387,27
Audi,120.4,343,2532,250,0.26,62669,534,28
Hyundai,38.8,158,1745,100,0.3,40053,206,26
Nissan,46.1,471,2281,350,0.31,51042,185,10
Kia,42.6,211,1977,150,0.3,46686,226,16
Nissan,61.2,179,2046,150,0.26,51054,290,27
Nissan,40.6,129,1936,100,0.21,45774,249,21
Hyundai,116.6,288,2506,350,0.32,68249,324,25
Volkswagen,123.4,547,2782,250,0.29,72699,518,30
Tesla,95.2,607,2241,100,0.29,73032,376,52
Polestar,114.7,310,2662,100,0.31,63301,516,64
Rivian,53.3,506,2142,50,0.3,59588,233,59
Ford,34.5,577,2035,100,0.26,60439,142,23
Ford,72.6,456,2431,150,0.3,68728,299,30
Nissan,86.4,425,2236,100,0.26,64674,438,48
Mercedes-Benz,120.0,614,2581,50,0.33,75653,558,132
Polestar,122.4,311,2618,250,0.25,60638,451,33
BMW,122.4,399,2640,250,0.3,73035,446,31
Polestar,30.0,562,1891,350,0.34,59595,130,14
Kia,96.6,742,2559,150,0.24,82793,386,37
Mercedes-Benz,38.8,142,1872,100,0.27,41216,202,20
Chevrolet,66.5,580,2427,350,0.29,69108,326,15
Kia,129.5,160,2683,50,0.24,57092,635,137
Nissan,85.1,440,2442,150,0.27,59499,440,34
Volkswagen,53.4,514,2381,250,0.25,63105,245,16
Kia,119.4,148,2657,350,0.35,55428,500,22
Hyundai,32.1,305,1806,250,0.26,50064,172,14
Volkswagen,109.0,306,2511,150,0.35,51456,372,43
Chevrolet,95.8,748,2433,350,0.33,77505,347,18
Rivian,36.1,628,2324,100,0.31,59789,138,21
Mercedes-Benz,41.1,664,2076,250,0.22,66823,175,14
Ford,117.2,475,2606,350,0.24,80657,479,23
Porsche,69.6,292,2195,150,0.26,51876,318,33
Porsche,112.8,152,2280,150,0.32,52103,461,42
Mercedes-Benz,42.4,668,2216,350,0.2,71084,157,13
BMW,111.4,282,2496,350,0.27,58432,415,21
Polestar,75.9,588,2374,150,0.29,75925,282,29
Kia,76.6,389,2328,350,0.26,62296,345,13
Volkswagen,77.8,113,2222,350,0.31,43247,322,16
Mercedes-Benz,31.2,192,1869,100,0.23,28347,144,21
Chevrolet,118.4,275,2573,150,0.21,67497,437,44
BMW,55.8,173,2050,100,0.23,48914,335,33
Porsche,123.7,739,2923,50,0.22,91540,540,133
Porsche,35.5,315,1821,50,0.26,53521,182,40
Mercedes-Benz,53.7,163,2060,100,0.29,42272,221,31
Porsche,94.7,648,2726,350,0.3,83562,463,20
Audi,109.9,317,2482,150,0.26,64360,540,43
Audi,84.9,361,2438,250,0.35,58611,328,19
BMW,103.0,471,2455,50,0.23,56014,463,110
Mercedes-Benz,89.4,474,2400,50,0.3,70160,323,96
Volkswagen,108.0,466,2684,350,0.26,69044,376,18
Nissan,56.1,372,2028,50,0.3,53954,220,64
Mercedes-Benz,103.5,115,2449,350,0.27,40500,444,18
Mercedes-Benz,55.4,517,2321,50,0.2,66450,281,63
Chevrolet,110.8,497,2531,100,0.23,67933,418,61
Mercedes-Benz,89.4,483,2350,50,0.21,59214,346,96
Porsche,90.5,351,2358,100,0.34,70166,390,53
Ford,111.6,112,2524,350,0.31,55174,468,20
Chevrolet,120.3,116,2481,350,0.24,50826,449,24
Volkswagen,92.0,622,2377,350,0.34,79772,396,19
Ford,62.9,135,2263,150,0.25,40158,277,25
Polestar,30.7,440,2042,50,0.26,54990,153,36
Kia,94.2,116,2327,150,0.24,47753,441,35
Mercedes-Benz,117.1,610,2813,250,0.22,85068,500,26
Tesla,96.9,250,2320,250,0.32,62895,342,25
Audi,117.1,288,2658,150,0.32,59539,442,45
Chevrolet,117.3,209,2550,150,0.23,52794,503,47
Hyundai,81.1,492,2564,150,0.32,64414,315,36
Mercedes-Benz,66.3,671,2308,100,0.25,76358,297,38
Volkswagen,57.1,261,2049,350,0.24,49667,276,13
BMW,82.8,211,2253,350,0.26,39013,313,15
Porsche,89.5,369,2260,350,0.26,57936,429,17
Volkswagen,105.2,433,2647,50,0.27,60644,329,116
Porsche,85.4,433,2358,100,0.23,62822,399,47
Nissan,54.2,147,2093,100,0.22,39728,306,32
Volkswagen,111.5,670,2530,100,0.33,80744,441,63
Audi,57.9,608,2243,100,0.21,70303,284,37
Nissan,112.8,100,2397,50,0.34,46118,430,122
Porsche,59.1,371,2250,250,0.32,53089,240,20
Ford,59.8,293,2221,50,0.33,45626,260,65
Ford,120.9,223,2596,350,0.23,59415,618,22
Kia,31.3,432,1856,50,0.33,65307,135,37
Ford,67.7,355,2097,150,0.31,58679,296,25
Porsche,94.6,201,2459,350,0.26,49848,381,17
Polestar,65.2,128,2045,50,0.31,56340,268,73
Mercedes-Benz,64.3,507,2284,350,0.22,57670,318,11
Kia,65.6,196,2246,250,0.22,52814,308,16
Audi,88.7,441,2292,150,0.31,62196,342,31
Ford,118.4,322,2497,100,0.31,65854,525,66
Audi,84.4,250,2159,50,0.2,53312,363,93
Hyundai,87.0,478,2338,100,0.33,63948,407,54
Hyundai,89.9,230,2291,50,0.22,63278,411,102
BMW,35.0,267,1760,150,0.21,48993,207,16
Hyundai,49.0,696,2100,150,0.29,60059,243,20
Volkswagen,113.3,740,2822,250,0.32,84037,474,30
Rivian,88.3,401,2349,250,0.23,58056,434,21
Rivian,32.7,347,1942,100,0.34,49188,113,17
Mercedes-Benz,91.8,542,2600,250,0.22,76534,411,24
Nissan,115.7,710,2971,250,0.26,80436,433,28
Nissan,41.9,313,2357,150,0.29,56014,145,23
Nissan,117.0,157,2568,150,0.24,54565,528,46
Chevrolet,49.6,237,2040,350,0.31,47973,243,12
Volkswagen,125.3,567,2790,100,0.21,79965,560,70
BMW,35.7,213,1703,100,0.26,43747,185,23
Tesla,102.1,219,2410,50,0.29,57584,364,109
Rivian,111.3,267,2315,250,0.21,58253,611,24
Hyundai,43.7,145,1897,50,0.25,49206,199,49
Audi,62.5,537,2304,350,0.28,61200,234,10
Audi,105.0,396,2609,100,0.21,65404,412,60
Hyundai,55.1,165,1965,350,0.21,48187,313,10
Audi,91.7,675,2520,50,0.34,81401,305,102
Hyundai,59.0,230,1945,150,0.24,44855,298,24
Porsche,84.7,206,2262,150,0.33,51718,338,39
Kia,99.5,106,2388,100,0.33,53354,379,58
Hyundai,83.7,224,2184,100,0.33,44879,418,47
Nissan,105.6,408,2470,150,0.3,65557,335,43
Mercedes-Benz,43.0,232,1919,350,0.25,51944,201,11
Chevrolet,43.4,708,2350,350,0.27,64615,215,10
Hyundai,63.2,555,2342,350,0.26,64727,245,12
Volkswagen,67.7,621,2314,150,0.3,72446,308,32
Ford,105.6,355,2413,250,0.23,57512,578,26
Rivian,41.8,720,2184,150,0.29,67359,196,18
Nissan,80.5,104,2303,150,0.28,49077,395,35
Mercedes-Benz,116.4,396,2413,250,0.27,67185,555,27
Hyundai,71.7,670,2461,350,0.21,73196,296,16
Hyundai,115.8,298,2320,100,0.23,60849,632,67
Volkswagen,128.8,415,2919,250,0.31,72065,416,32
Hyundai,37.9,130,1905,100,0.22,38764,223,23
Nissan,86.2,172,2398,150,0.28,56326,411,34
Audi,123.1,132,2394,50,0.34,51371,479,132
Tesla,129.9,135,2527,150,0.31,57320,510,49
Volkswagen,69.3,268,2297,50,0.34,44047,266,76
Nissan,104.9,238,2502,350,0.21,55220,442,19
Chevrolet,91.1,341,2372,150,0.23,58533,319,38
Audi,63.6,434,2165,250,0.24,60241,330,14
Ford,114.5,151,2711,250,0.33,60627,412,29
Ford,67.2,160,1891,150,0.31,50454,279,26
Nissan,113.7,309,2853,250,0.25,58689,558,29
Kia,40.6,634,2183,250,0.34,65430,156,16
BMW,128.3,257,2806,50,0.31,64438,420,138
Kia,128.6,280,2829,100,0.26,60937,446,71
Mercedes-Benz,49.9,326,2097,350,0.28,47881,204,10
Hyundai,102.2,104,2255,250,0.33,56058,398,21
Chevrolet,56.7,428,2069,350,0.33,63379,246,10
Chevrolet,93.6,745,2551,250,0.3,77992,391,26
Rivian,128.4,691,2962,350,0.23,93014,592,24
Mercedes-Benz,30.2,269,2055,350,0.29,34660,142,13
Porsche,42.5,524,2093,100,0.24,61289,175,25
Kia,60.2,684,2226,50,0.33,79832,337,69
Volkswagen,112.4,155,2227,350,0.27,51371,492,21
Ford,52.0,167,1964,100,0.28,48193,294,31
Mercedes-Benz,104.2,518,2628,100,0.29,69678,371,61
Hyundai,113.5,561,2720,350,0.33,83043,378,19
Mercedes-Benz,123.1,116,2524,100,0.21,52345,495,69
Polestar,94.7,183,2336,150,0.23,52511,485,38
Kia,122.9,516,2855,250,0.26,78032,468,32
Hyundai,96.2,564,2461,150,0.22,74391,372,38
Rivian,54.5,373,2183,50,0.33,60444,211,61
Porsche,82.7,478,2511,250,0.23,71778,409,22
Tesla,84.1,284,2343,150,0.24,61834,452,35
Volkswagen,98.9,284,2323,50,0.33,60595,454,108
Kia,107.7,146,2562,100,0.33,59109,394,58
Tesla,33.3,720,2189,150,0.23,65953,137,16
Rivian,105.9,425,2558,150,0.3,75816,379,43
Rivian,60.9,391,2205,100,0.35,59498,242,38
Tesla,40.3,526,2050,50,0.29,62283,163,45
Mercedes-Benz,60.2,222,2035,50,0.29,47237,299,73
Audi,94.3,228,2275,350,0.28,52107,396,16
Nissan,98.3,508,2637,150,0.32,64605,380,41
Nissan,57.5,245,2161,150,0.34,39083,261,21
Chevrolet,87.3,163,2348,350,0.33,49972,332,19
Porsche,30.4,205,1821,50,0.24,39805,152,36
Polestar,95.2,363,2353,350,0.29,56630,407,17
Audi,80.3,616,2525,350,0.35,68937,270,18
Porsche,56.1,160,1882,250,0.26,45267,210,17
Ford,54.4,298,1985,350,0.27,45380,295,12
Hyundai,80.0,183,2062,150,0.27,52258,390,35
Rivian,111.4,564,2804,150,0.29,77926,352,42
Ford,64.5,212,2211,50,0.23,50146,322,74
Rivian,73.5,441,2322,100,0.2,59692,395,46
Volkswagen,68.3,215,2074,350,0.32,51341,204,13
Volkswagen,35.3,555,2143,350,0.29,60453,100,11
Ford,75.1,567,2360,100,0.21,67669,433,42
Rivian,83.3,510,2547,150,0.22,77695,325,32
Hyundai,60.2,133,2164,100,0.31,37515,263,31
Tesla,101.5,379,2597,50,0.23,67909,378,112
Polestar,30.5,368,1930,350,0.24,46128,147,11
Kia,34.2,234,1816,50,0.2,44894,136,39
Chevrolet,95.0,582,2629,350,0.32,80134,379,18
Nissan,38.1,537,2024,150,0.21,61254,184,18
Porsche,124.1,218,2404,50,0.24,61883,616,134
Porsche,31.4,468,2307,150,0.21,57555,135,16
Nissan,98.4,427,2491,50,0.32,68489,479,108
Porsche,126.2,436,2596,350,0.29,74048,503,24
Audi,84.7,455,2388,350,0.2,60047,353,17
Volkswagen,40.1,505,2061,150,0.34,52475,162,17
Rivian,117.4,182,2556,250,0.24,63351,543,28
Tesla,37.9,224,1899,50,0.25,45679,159,46
Audi,77.2,418,2354,100,0.29,64514,337,45
Porsche,40.7,255,2192,350,0.22,44587,187,10
Volkswagen,62.3,453,2019,50,0.3,60056,284,68
Polestar,106.0,233,2328,250,0.3,53042,414,29
Hyundai,50.5,582,2225,100,0.26,64918,210,29
Nissan,38.2,227,1745,350,0.29,48313,184,10
Chevrolet,128.9,272,2629,350,0.22,65803,576,23
Volkswagen,41.5,482,2174,150,0.26,52990,216,18
Ford,41.2,652,1950,100,0.22,66076,256,26
Kia,70.4,745,2307,150,0.29,78407,277,27
Kia,79.3,700,2343,150,0.21,76083,347,32
Kia,31.0,673,2210,250,0.23,63659,132,10
BMW,69.0,256,2157,350,0.22,55932,315,16
Rivian,55.9,319,2029,100,0.32,56130,269,31
Nissan,107.3,622,2630,100,0.22,75077,413,62
BMW,34.7,214,1769,250,0.21,42627,147,11
BMW,47.4,346,2094,150,0.26,48443,266,18
Chevrolet,104.1,592,2560,100,0.23,78392,439,58
Polestar,31.8,360,2148,350,0.3,48523,181,10
Ford,35.1,661,1974,150,0.25,71066,162,21
Volkswagen,107.5,504,2719,350,0.28,73334,446,22
Hyundai,40.2,448,1906,100,0.27,56985,168,25
Nissan,99.8,290,2564,100,0.25,67103,464,59
Kia,86.6,427,2398,250,0.26,52567,433,23
Nissan,102.8,305,2366,350,0.29,61772,397,20
Tesla,37.7,377,2229,100,0.3,53901,165,23
Porsche,101.7,449,2375,50,0.23,71454,430,110
Kia,112.5,371,2458,350,0.35,64861,527,21
Polestar,86.9,698,2548,50,0.34,88144,332,94
Ford,88.2,331,2440,50,0.32,61882,313,98
Rivian,119.0,490,2650,150,0.33,71973,443,49
Audi,71.4,587,2485,50,0.35,59098,241,77
Rivian,74.0,456,2357,50,0.3,54240,349,82
Nissan,34.8,328,1870,250,0.23,50248,155,12
Volkswagen,106.2,428,2561,150,0.25,64042,446,42
Porsche,56.8,484,2343,150,0.24,66052,229,27
Volkswagen,41.5,181,1749,150,0.3,33801,195,18
BMW,114.1,747,2730,50,0.2,83918,631,124
Polestar,34.1,325,2024,50,0.34,46094,155,39
Polestar,124.7,572,2880,100,0.27,82238,505,72
Tesla,41.7,443,2079,100,0.25,53851,180,25
Nissan,68.4,375,2179,50,0.24,50519,316,74
Hyundai,43.1,341,1950,50,0.35,42128,179,51
Chevrolet,98.3,134,2399,50,0.33,49106,411,109
Ford,50.9,449,2206,350,0.32,58588,242,14
Polestar,122.6,105,2653,50,0.24,50508,559,137
Rivian,127.1,463,2772,50,0.21,72649,400,143
Tesla,61.7,414,2087,50,0.2,57286,342,67
Mercedes-Benz,58.3,672,2471,100,0.29,73008,274,33
Hyundai,64.1,585,2485,250,0.27,64185,265,17
Audi,86.9,673,2557,50,0.27,71578,325,98
Tesla,104.9,277,2325,250,0.24,63966,488,31
Nissan,51.2,438,1959,250,0.28,58941,230,15
Mercedes-Benz,35.7,537,2104,100,0.31,59057,127,26
Kia,70.6,415,2404,250,0.24,57823,313,17
Nissan,43.8,532,2277,100,0.34,63600,163,24
Rivian,75.0,591,2392,150,0.21,65366,370,30
Porsche,115.9,157,2566,100,0.27,68818,358,66
Volkswagen,62.1,187,2151,50,0.32,44476,229,69
BMW,104.4,198,2413,50,0.3,67811,458,115
Kia,85.5,442,2285,150,0.2,56185,475,37
Mercedes-Benz,84.3,147,2169,150,0.32,40100,278,33
Rivian,96.2,331,2374,250,0.23,57545,490,24
Chevrolet,96.1,687,2695,250,0.27,74562,305,25
Volkswagen,76.9,484,2497,350,0.28,58889,328,18
Hyundai,86.3,713,2519,100,0.33,81227,279,51
Chevrolet,116.2,410,2473,50,0.29,68383,426,126
Mercedes-Benz,58.0,203,2150,350,0.24,48889,271,10
Chevrolet,58.7,578,2284,100,0.22,57933,292,30
Nissan,117.5,710,2862,250,0.33,82193,373,27
Mercedes-Benz,61.7,403,2132,50,0.21,60362,316,71
Tesla,103.9,377,2301,350,0.28,71595,448,20
Tesla,53.6,706,2324,250,0.28,68087,258,14
BMW,126.2,288,2591,100,0.21,57077,603,73
Hyundai,58.9,480,2370,100,0.21,57282,269,30
Rivian,73.2,350,2276,150,0.32,60805,262,30
Rivian,52.6,667,2197,250,0.25,71541,239,15
Chevrolet,72.8,576,2379,100,0.33,64987,236,44
BMW,33.0,106,1823,100,0.2,37614,156,24
Mercedes-Benz,123.0,349,2871,100,0.27,66028,494,73
Audi,33.8,518,2098,150,0.26,61559,126,19
BMW,91.5,367,2530,250,0.33,66817,358,24
Mercedes-Benz,70.3,521,2420,100,0.21,64927,352,40
Rivian,86.9,348,2435,350,0.32,56844,373,18
Tesla,118.2,195,2476,150,0.27,64310,547,41
Polestar,80.9,307,2404,150,0.34,57981,321,34
Mercedes-Benz,96.0,406,2514,50,0.28,67058,354,104
Porsche,97.2,430,2554,50,0.34,57149,382,105
Porsche,110.5,339,2587,50,0.24,62789,514,122
Tesla,33.9,221,1948,50,0.26,40538,168,42
Volkswagen,54.1,235,2125,100,0.23,46673,255,33
Chevrolet,119.4,248,2568,250,0.32,59511,485,27
Porsche,58.4,480,2073,250,0.34,61508,302,18
Porsche,45.1,706,2474,50,0.3,63846,205,51
Hyundai,82.7,704,2329,100,0.33,71933,280,44
Rivian,58.4,383,1927,350,0.22,55787,279,10
Chevrolet,82.2,108,2276,250,0.29,42642,339,26
Nissan,73.3,414,2415,250,0.2,61369,398,19
BMW,75.2,128,2055,350,0.21,47006,330,15
Nissan,61.3,415,2243,50,0.24,59112,287,69
Ford,98.8,202,2324,50,0.2,54628,502,108
Kia,117.9,366,2781,50,0.21,67749,418,127
Rivian,85.4,442,2471,350,0.32,68946,388,16
Kia,80.6,150,2302,250,0.3,54822,292,21
Chevrolet,81.8,400,2430,100,0.21,71603,298,49
Hyundai,116.0,397,2513,250,0.24,66676,552,27
Mercedes-Benz,129.2,600,2834,50,0.35,66516,381,138
Chevrolet,89.3,346,2198,50,0.24,60760,458,98
Nissan,43.1,598,2048,100,0.21,49240,200,27
Chevrolet,68.3,616,2311,100,0.23,64224,286,40
Polestar,40.7,165,1910,350,0.22,40578,207,10
Mercedes-Benz,106.5,285,2491,150,0.25,64807,570,42
Ford,111.9,688,2747,150,0.32,75435,350,42
Nissan,115.3,694,2782,100,0.34,88170,370,63
Tesla,97.0,100,2281,100,0.25,49119,376,55
Ford,96.0,380,2419,350,0.31,65812,478,16
Porsche,84.5,284,2279,50,0.21,57561,419,96
Polestar,66.4,515,2364,50,0.26,68296,301,72
Nissan,70.2,198,2310,150,0.25,52072,301,28
Kia,53.3,495,2165,250,0.31,53895,234,16
Porsche,48.8,136,1961,50,0.28,50815,193,52
Chevrolet,85.7,519,2418,150,0.27,71566,311,34
Tesla,95.5,353,2502,350,0.27,63210,337,19
BMW,59.8,374,2232,350,0.22,47131,268,16
Porsche,98.4,426,2555,100,0.3,75286,400,55
Mercedes-Benz,48.3,483,2033,250,0.31,51476,210,16
BMW,87.2,362,2255,250,0.27,59856,349,22
Mercedes-Benz,55.4,636,2176,350,0.3,67062,239,12
Audi,74.4,222,2111,350,0.26,57197,352,14
Ford,51.6,219,2145,100,0.23,44337,215,30
Rivian,107.5,392,2613,50,0.24,54081,462,117
Chevrolet,97.7,423,2632,350,0.35,61519,318,17
Tesla,114.6,497,2772,250,0.3,72957,413,31
Tesla,79.7,533,2513,100,0.28,65439,326,46
Mercedes-Benz,97.9,373,2479,250,0.34,60557,403,26
Audi,90.4,427,2359,50,0.23,59117,458,99
Rivian,98.1,264,2432,250,0.23,57479,490,24
Nissan,84.9,586,2629,50,0.21,73488,336,97
Mercedes-Benz,91.3,480,2679,350,0.22,69724,417,14
Volkswagen,49.6,637,2298,350,0.26,70817,222,10
Nissan,100.4,714,2833,50,0.29,96980,304,109
Rivian,112.2,118,2546,350,0.22,51448,515,20
Nissan,92.2,559,2444,250,0.29,76457,308,24
Hyundai,102.0,539,2706,150,0.28,81080,381,40
Tesla,74.4,713,2404,100,0.35,77064,343,41
Tesla,121.4,646,2670,50,0.23,85765,442,131
Polestar,33.9,515,1965,150,0.3,56793,191,16
Ford,41.3,474,2163,350,0.29,49427,176,13
Volkswagen,85.7,681,2407,50,0.28,72617,324,91
Hyundai,119.0,470,2702,150,0.32,74731,433,44
Volkswagen,102.6,647,2539,50,0.2,85163,409,113
Mercedes-Benz,62.2,733,2317,100,0.28,77107,321,41
Audi,104.0,424,2466,250,0.25,70312,412,27
Porsche,76.2,649,2448,250,0.24,70237,314,21
Audi,34.9,120,1994,150,0.2,29488,176,15
Rivian,37.2,720,2109,150,0.3,65427,155,17
Tesla,30.5,586,2020,150,0.28,61565,109,15
Hyundai,81.6,572,2366,250,0.22,65616,349,26
Porsche,34.6,108,1962,250,0.28,37835,184,13
Ford,49.6,498,2192,350,0.26,63953,266,10
Volkswagen,114.0,521,2633,50,0.24,71865,367,126
Rivian,75.6,120,2322,50,0.3,44592,262,86
Mercedes-Benz,32.4,477,1849,250,0.29,59507,141,12
Hyundai,128.6,304,2616,250,0.26,58549,604,31
Chevrolet,40.3,380,2021,250,0.29,54374,142,13
Ford,71.2,572,2368,350,0.33,66593,195,13
Nissan,33.6,443,1879,50,0.27,50683,148,39
Audi,112.1,499,2686,150,0.33,69866,416,45
Chevrolet,79.6,373,2180,50,0.33,59772,288,86
Porsche,61.6,732,2332,100,0.26,79765,318,35
Tesla,83.6,453,2279,250,0.26,64511,458,20
Chevrolet,40.5,634,2049,150,0.34,68782,216,17
Chevrolet,74.2,418,2349,50,0.26,66174,326,78
Volkswagen,110.3,128,2378,150,0.25,57837,522,45
Tesla,98.0,495,2501,350,0.22,65086,532,16
Nissan,61.6,304,2201,150,0.33,50497,274,26
Hyundai,62.4,735,2360,150,0.28,63086,221,28
Rivian,94.8,236,2336,50,0.26,56464,415,104
Mercedes-Benz,64.6,211,2145,150,0.32,51690,265,29
Hyundai,128.3,514,2798,150,0.34,77289,385,49
Rivian,57.1,623,2407,150,0.23,66362,293,23
Kia,96.0,189,2509,350,0.24,50250,371,17
Nissan,59.2,558,2162,150,0.21,71247,317,26
Mercedes-Benz,39.2,538,2013,100,0.33,54303,198,26
Volkswagen,60.0,622,2384,100,0.27,60969,233,36
Ford,112.6,247,2477,150,0.25,58690,419,44
Chevrolet,57.1,655,2298,50,0.27,66060,251,63
Tesla,117.0,190,2614,50,0.22,61225,535,129
Chevrolet,63.6,252,2412,250,0.24,61049,214,17
Ford,43.0,565,1972,100,0.3,70786,193,29
Rivian,78.6,303,2243,250,0.33,61434,326,16
Nissan,54.0,342,2076,250,0.29,46214,248,15
Tesla,54.8,624,2191,150,0.32,75667,249,24
Hyundai,98.5,181,2374,150,0.2,59302,350,37
Chevrolet,47.2,444,2187,150,0.35,55115,157,20
Porsche,116.7,251,2508,50,0.29,62495,449,126
Polestar,69.6,726,2239,100,0.26,84146,315,40
Kia,60.4,698,2375,50,0.24,81382,244,67
Ford,68.5,361,2206,50,0.34,51129,243,76
Chevrolet,59.8,514,2291,50,0.24,66338,247,67
Rivian,32.0,187,1778,100,0.26,43835,180,18
Polestar,98.4,101,2169,50,0.34,47877,463,106
Porsche,60.5,202,2138,350,0.33,48788,222,16
BMW,102.7,703,2606,350,0.23,79027,441,18
Kia,72.3,102,2157,350,0.29,49349,248,13
Nissan,34.9,103,1897,100,0.3,31079,154,25
Hyundai,96.8,126,2466,250,0.35,57002,358,24
Audi,79.8,409,2392,250,0.2,65821,340,24
Kia,111.5,421,2501,50,0.26,67363,506,118
Rivian,97.2,683,2735,350,0.35,75285,322,20
BMW,113.0,721,2666,350,0.32,81005,472,18
Chevrolet,105.8,615,2604,100,0.35,75921,441,58
Rivian,115.8,421,2676,50,0.27,72636,415,128
Hyundai,73.2,610,2530,250,0.34,72721,203,21
BMW,42.5,117,1950,250,0.33,33594,164,13
Hyundai,77.0,443,2241,50,0.32,48285,298,87
Ford,95.1,729,2609,150,0.22,83040,430,35
Ford,47.1,247,2155,150,0.22,47462,175,19
Tesla,55.8,419,2074,350,0.21,50979,287,14
Audi,110.7,338,2774,100,0.33,65307,387,63
Hyundai,54.2,431,2057,150,0.35,52795,180,24
Porsche,45.0,471,2045,250,0.23,55854,195,13
Polestar,34.6,273,1642,350,0.27,37671,172,10
Hyundai,35.3,452,1949,100,0.23,60084,211,24
Audi,93.6,574,2455,50,0.23,73430,453,105
Polestar,125.3,165,2744,150,0.29,58912,553,51
Volkswagen,125.6,101,2569,250,0.31,47301,478,31
BMW,38.6,619,2126,50,0.27,54785,153,43
Kia,122.7,532,2849,50,0.29,78743,491,133
Audi,115.7,131,2383,250,0.24,47691,577,24
Hyundai,96.1,170,2545,150,0.32,59891,380,40
Porsche,45.2,214,1997,250,0.34,45704,232,13
Audi,95.9,358,2587,250,0.22,52216,408,24
Nissan,107.2,638,2763,350,0.26,74194,400,20
Hyundai,74.8,278,2080,250,0.23,47471,287,17
BMW,57.0,599,2354,50,0.22,73441,262,64
Chevrolet,114.7,106,2552,150,0.2,53236,480,41
Rivian,116.1,200,2518,250,0.27,58009,443,26
Porsche,71.8,692,2540,250,0.33,71649,265,22
Kia,97.4,243,2240,50,0.28,56693,457,109
Rivian,112.7,376,2494,50,0.27,57917,424,122
Hyundai,49.7,368,2243,250,0.27,53086,200,16
Rivian,45.6,672,2004,150,0.33,82524,163,20
Chevrolet,36.0,311,2023,100,0.29,43224,141,26
Chevrolet,61.6,156,2007,250,0.2,44297,281,16
Tesla,122.8,638,2882,50,0.3,85647,471,133
Polestar,102.4,623,2728,350,0.31,77288,334,22
BMW,102.4,362,2506,250,0.23,61499,427,26
Audi,75.4,350,2273,50,0.22,55080,331,82
Ford,103.4,120,2309,50,0.22,47869,474,111
BMW,125.8,655,2761,50,0.26,79831,416,137
Nissan,46.4,622,2258,50,0.2,65322,201,51
Volkswagen,100.5,320,2431,250,0.25,59947,396,27
Audi,31.6,176,1719,350,0.22,40962,166,13
Nissan,62.3,115,1686,100,0.27,44447,299,38
Audi,114.1,369,2596,350,0.28,67258,468,20
BMW,95.5,561,2365,150,0.24,70938,453,39
Mercedes-Benz,83.4,647,2385,350,0.25,74119,420,18
Volkswagen,60.9,290,2193,50,0.29,52830,278,69
Ford,129.2,524,2807,100,0.34,86813,419,71
Audi,51.4,141,2172,150,0.32,50131,252,24
Mercedes-Benz,99.2,514,2355,350,0.23,68408,390,19
Mercedes-Benz,74.3,122,2254,100,0.2,39841,329,42
Ford,47.5,651,2166,250,0.2,67744,207,12
Volkswagen,62.5,202,2151,350,0.29,51964,210,14
Kia,51.6,154,2063,50,0.28,55848,247,60
Polestar,91.5,638,2582,50,0.22,72141,342,101
Kia,90.9,518,2435,350,0.3,66154,418,19
Mercedes-Benz,116.4,607,2571,350,0.23,71471,541,23
Rivian,115.3,271,2588,150,0.27,70256,466,46
Volkswagen,48.7,376,2269,50,0.26,58646,217,54
Mercedes-Benz,94.4,316,2549,150,0.31,66583,379,34
Chevrolet,124.3,631,2658,150,0.3,78723,541,49
Nissan,123.2,693,2956,250,0.31,79154,538,27
Nissan,46.2,176,2161,50,0.24,42820,183,54
Nissan,40.1,667,2263,100,0.28,73350,122,24
Porsche,32.2,438,2110,350,0.3,62269,100,10
Kia,69.7,471,2202,250,0.35,61651,281,20
Volkswagen,52.0,230,1978,100,0.24,44731,283,33
Mercedes-Benz,72.3,436,2362,100,0.32,55752,334,40
Mercedes-Benz,63.1,590,2214,350,0.33,68215,242,13
Audi,81.3,666,2397,250,0.34,82323,341,22
Chevrolet,42.5,222,2008,350,0.32,44815,193,10
Volkswagen,53.9,127,2063,150,0.27,47085,252,22
Tesla,118.0,724,2837,150,0.3,79118,494,46
BMW,85.2,529,2528,100,0.32,72696,350,53
Rivian,81.1,577,2260,50,0.21,72488,343,91
Nissan,79.6,209,2127,150,0.3,43611,306,32
Kia,93.8,599,2590,350,0.24,71724,357,19
Hyundai,33.0,600,2001,50,0.24,68488,137,39
Chevrolet,72.9,365,2299,100,0.27,63787,288,45
Porsche,113.7,160,2508,250,0.28,54602,448,29
Nissan,89.9,409,2622,150,0.26,69697,372,32
Kia,83.7,692,2686,350,0.3,73554,261,18
Polestar,122.7,361,2636,50,0.22,65296,580,132
Nissan,40.1,422,2071,350,0.26,46375,163,10
Mercedes-Benz,75.0,229,2198,250,0.31,54470,312,20
Kia,46.9,603,2248,250,0.27,66995,253,16
Chevrolet,59.6,282,2072,100,0.3,51204,229,37
Tesla,32.4,151,1846,350,0.28,47062,167,11
Audi,70.4,243,2479,100,0.29,50885,341,39
Chevrolet,124.3,164,2578,250,0.32,66009,405,30
Kia,46.5,328,1953,150,0.28,58175,189,22
Audi,94.9,571,2541,100,0.29,72180,394,52
Kia,114.4,215,2495,50,0.27,61441,503,127
Hyundai,89.0,551,2365,150,0.3,74856,423,36
Chevrolet,41.2,326,1967,250,0.31,52375,230,13
Rivian,82.0,639,2398,350,0.23,74061,339,19
Rivian,88.1,607,2589,150,0.33,76120,294,31
Nissan,117.9,628,2533,350,0.27,87152,523,20
Porsche,106.4,450,2583,150,0.3,64454,366,38
Kia,39.6,293,1911,250,0.23,51481,171,15
Rivian,60.5,682,2449,350,0.2,76082,302,11
Nissan,112.9,634,2925,150,0.31,74551,324,46
BMW,30.1,564,1961,250,0.2,60581,150,15
Kia,44.6,222,1988,250,0.21,42115,250,14
Nissan,103.6,416,2312,350,0.3,63726,440,20
Chevrolet,59.1,499,2191,350,0.31,56682,319,15
Mercedes-Benz,47.9,520,2101,100,0.21,60757,189,28
Kia,47.9,116,1978,50,0.24,40685,216,53
Tesla,92.4,222,2528,50,0.23,50185,386,98
Mercedes-Benz,119.1,161,2394,350,0.25,61855,483,25
Porsche,33.4,485,1956,250,0.27,58979,127,11
Tesla,124.6,576,2780,100,0.24,78906,430,72
Rivian,113.3,146,2513,150,0.25,61528,601,44
Ford,117.2,201,2536,50,0.21,62853,410,129
Rivian,45.7,719,2054,150,0.22,75972,193,17
Rivian,74.6,246,2161,100,0.26,52066,290,39
Audi,48.7,691,2382,100,0.27,69459,226,29
Mercedes-Benz,54.6,687,2277,150,0.35,67694,241,22
Audi,49.0,387,2068,350,0.26,46720,230,12
Nissan,68.5,202,2108,350,0.3,45597,314,16
Kia,31.9,384,1945,50,0.3,49132,138,36
Chevrolet,83.1,483,2289,350,0.28,64746,384,20
Audi,86.3,714,2600,100,0.24,83936,328,49
Tesla,104.5,130,2233,150,0.29,53204,493,44
Polestar,46.0,358,2107,150,0.28,53193,210,16
Rivian,76.2,368,2423,150,0.2,64289,322,28
Hyundai,50.7,685,2146,50,0.32,73855,207,59
Mercedes-Benz,80.2,727,2569,250,0.27,75940,327,21
Kia,72.2,195,2137,150,0.24,48114,344,28
Ford,107.9,269,2651,350,0.34,59049,374,20
BMW,56.8,647,2366,150,0.29,70934,239,21
Rivian,64.9,535,2371,350,0.34,61451,283,16
Chevrolet,52.2,275,2088,50,0.2,45087,234,61
Audi,93.4,594,2676,250,0.24,70436,445,22
Audi,109.4,402,2592,350,0.26,73195,448,19
Audi,80.2,113,2332,50,0.31,46171,311,92
BMW,122.6,519,2811,50,0.23,82565,492,131
Volkswagen,55.6,485,2216,100,0.28,60997,255,34
BMW,32.2,426,2057,350,0.31,60079,104,10
Ford,87.5,358,2375,50,0.3,62620,396,95
Kia,41.8,747,2164,100,0.31,68779,204,24
Chevrolet,30.7,128,1911,50,0.35,43178,125,36
Ford,86.1,315,2365,50,0.28,56920,368,97
Mercedes-Benz,47.5,285,2015,100,0.31,40144,186,28
BMW,67.2,568,2111,100,0.28,62710,338,42
Volkswagen,51.5,230,1969,100,0.32,49055,258,32
Rivian,113.1,127,2462,150,0.26,59647,463,45
Audi,31.8,182,2031,150,0.27,42959,129,15
Ford,60.5,453,2212,50,0.28,58651,251,66
Volkswagen,125.3,350,2645,100,0.27,72400,556,67
Audi,63.1,275,1857,100,0.28,41995,333,36
Rivian,105.7,533,2553,250,0.35,68910,436,29
Ford,41.0,587,2112,250,0.27,57868,149,10
Audi,90.3,302,2402,50,0.33,64766,280,98
Tesla,77.1,632,2298,250,0.23,71059,334,21
Kia,94.4,595,2598,50,0.33,63170,371,104
Polestar,71.7,464,2353,100,0.23,64036,324,43
BMW,50.8,302,2131,250,0.28,51945,209,18
Polestar,41.7,339,2008,50,0.32,53741,193,47
Ford,64.1,222,1874,100,0.34,44222,343,38
Polestar,44.8,524,2232,100,0.33,71432,189,27
Volkswagen,35.7,736,2192,100,0.2,76208,181,22
Kia,101.6,370,2419,250,0.25,63402,483,25
Tesla,60.3,274,2165,100,0.35,45710,252,38
Kia,64.1,452,2348,50,0.28,66333,298,73
Polestar,39.4,590,2191,150,0.35,61317,201,18
Audi,90.1,543,2421,250,0.27,67871,497,23
Volkswagen,33.2,405,1986,350,0.26,59380,186,10
Porsche,114.5,412,2612,250,0.27,63643,361,29
Porsche,113.4,459,2439,100,0.27,65589,517,63
Tesla,74.5,667,2389,50,0.28,82878,302,81
Audi,74.6,367,2169,100,0.26,58180,373,46
Nissan,31.3,374,2137,250,0.23,46366,153,11
Chevrolet,101.7,488,2620,250,0.33,76411,404,27
Audi,77.8,428,2380,100,0.33,56746,323,45
Rivian,102.5,727,2786,350,0.33,89913,375,22
Tesla,56.2,433,2252,150,0.27,58127,221,20
Polestar,61.8,273,1952,50,0.22,50137,323,69
Kia,48.4,238,1913,50,0.31,48724,191,54
Chevrolet,127.9,157,2722,150,0.21,60627,505,51
Rivian,129.7,396,2815,50,0.22,65669,593,140
Polestar,95.8,674,2637,250,0.25,78621,427,22
Kia,114.6,692,2742,100,0.24,83916,482,65
Rivian,71.7,293,2202,50,0.34,67143,294,76
BMW,38.0,613,2244,50,0.32,54343,142,45
BMW,88.0,157,2325,100,0.21,49594,351,53
Tesla,73.5,417,2300,100,0.28,59669,335,41
Porsche,37.2,611,2260,100,0.32,63675,152,22
Chevrolet,116.8,101,2601,250,0.29,53446,411,31
BMW,129.8,420,2840,100,0.28,76692,533,74
Kia,116.2,680,2738,350,0.25,89168,427,22
Hyundai,84.5,133,2241,100,0.25,52817,292,46
Kia,57.9,203,2017,150,0.29,43313,247,24
Nissan,59.5,225,2162,350,0.3,49403,241,10
Kia,78.0,584,2350,350,0.25,70945,302,16
Polestar,129.0,528,2728,150,0.28,81141,378,52
Kia,127.3,273,2579,50,0.21,58083,663,137
Mercedes-Benz,44.5,477,1995,350,0.28,52469,290,10
Audi,66.1,619,2598,50,0.22,68224,305,77
Polestar,125.9,577,2787,50,0.3,84319,432,134
Rivian,32.6,617,2226,150,0.22,58048,201,17
BMW,106.7,567,2750,350,0.31,77789,356,17
Porsche,108.0,314,2582,250,0.23,62879,361,28
Chevrolet,88.3,146,2266,350,0.33,55283,356,17
Mercedes-Benz,89.7,378,2342,50,0.29,56279,372,99
Hyundai,116.5,292,2460,350,0.26,58554,427,22
Nissan,81.0,168,2189,100,0.22,53331,426,47
Ford,64.3,398,2201,100,0.25,57679,294,38
Porsche,31.0,540,1893,350,0.33,61119,131,10
Chevrolet,94.0,422,2591,350,0.31,60447,480,18
Mercedes-Benz,51.1,716,2142,100,0.26,69503,218,28
Porsche,64.8,353,2243,250,0.26,55901,300,17
Volkswagen,95.4,644,2439,100,0.29,81674,377,58
Nissan,125.9,388,2585,150,0.31,56353,454,48
Porsche,124.5,239,2659,150,0.25,55799,520,49
Rivian,57.5,574,2284,100,0.31,73577,268,33
Volkswagen,30.3,259,1814,50,0.23,45446,148,34
Volkswagen,125.1,488,2839,50,0.34,71754,471,132
Audi,37.1,619,2187,100,0.22,62493,167,22
Hyundai,113.3,312,2552,150,0.3,62608,440,44
Ford,119.8,257,2631,250,0.2,62073,526,27
Rivian,56.8,653,2123,350,0.26,75902,220,10
Hyundai,90.4,194,2361,350,0.32,50447,357,17
Nissan,34.4,588,2026,350,0.3,56504,135,11
Rivian,85.8,523,2489,350,0.24,64070,318,16
Tesla,88.8,329,2287,100,0.23,61953,405,50
Mercedes-Benz,104.9,616,2732,150,0.25,78487,438,43
Rivian,64.4,611,2297,350,0.26,63205,334,15
Kia,64.9,596,2290,150,0.34,70180,223,24
Hyundai,62.1,331,2300,150,0.32,57200,299,26
Audi,102.2,533,2558,250,0.22,72496,391,29
Hyundai,36.0,725,2268,100,0.28,72394,164,23
Nissan,33.8,361,1961,350,0.22,49817,195,12
Porsche,115.7,167,2441,350,0.24,55035,613,22
Kia,125.0,320,2661,250,0.32,70932,397,29
Ford,36.6,504,2086,50,0.35,54970,181,44
Chevrolet,40.0,705,2102,250,0.26,71838,186,10
Tesla,111.9,151,2597,350,0.23,46725,531,26
Porsche,36.6,240,1874,50,0.28,40117,158,45
Volkswagen,71.5,647,2345,150,0.23,67375,365,27
Chevrolet,37.7,169,2132,100,0.29,39571,152,25
Kia,53.0,266,2176,250,0.26,47457,246,13
Hyundai,89.1,657,2526,350,0.3,82043,337,15
Ford,65.2,688,2252,150,0.35,68587,268,30
Ford,115.3,304,2395,150,0.33,72460,618,44
Rivian,44.0,353,2118,150,0.24,51031,244,21
Nissan,61.7,557,2355,350,0.33,70920,201,12
Polestar,98.9,213,2525,50,0.33,59752,405,105
Kia,88.8,696,2597,150,0.34,71954,477,36
Nissan,54.1,670,2405,50,0.24,68722,254,62
Ford,35.1,532,2066,350,0.28,66580,150,10
Kia,39.4,273,1892,250,0.34,47619,203,13
Audi,124.2,399,2683,50,0.2,75235,419,133
Volkswagen,55.3,341,1944,50,0.31,54309,220,59
Nissan,126.6,726,3016,100,0.26,81271,439,70
Porsche,68.1,385,2083,350,0.34,58553,259,15
Porsche,103.4,405,2548,250,0.29,74751,336,25
BMW,59.2,526,2118,150,0.23,64077,271,27
BMW,70.3,708,2403,350,0.3,80246,298,17
Kia,116.6,582,2706,100,0.3,75924,375,67
Audi,66.5,610,2234,50,0.25,63006,312,73
Hyundai,124.3,216,2420,350,0.34,60551,479,18
Tesla,50.9,415,2133,100,0.28,51065,203,33
Porsche,33.1,570,1955,50,0.3,56359,135,36
Rivian,58.3,516,2116,250,0.29,60026,262,15
Ford,60.2,433,2292,250,0.26,62287,316,15
BMW,68.4,192,2240,350,0.33,47779,320,14
Chevrolet,36.6,360,1911,100,0.27,47877,167,25
Kia,56.7,386,2193,350,0.29,60929,283,10
Ford,97.1,112,2340,350,0.29,44620,453,17
Hyundai,65.1,334,2205,50,0.33,58854,302,74
Hyundai,33.4,633,2057,150,0.29,66838,171,16
Hyundai,123.3,271,2524,150,0.25,66033,541,44
Ford,54.5,727,2367,350,0.33,80481,167,14
Hyundai,77.5,245,2198,50,0.33,48679,334,82
Nissan,84.8,175,2233,250,0.24,55933,445,20
Audi,125.2,714,2908,350,0.3,80779,542,23
Tesla,113.7,117,2506,150,0.24,42923,520,44
Rivian,61.3,215,2069,100,0.33,47855,321,37
Polestar,124.6,194,2736,350,0.29,61876,432,22
Polestar,109.9,186,2525,100,0.26,60367,530,64
Tesla,85.8,265,2227,50,0.34,59542,356,94
Chevrolet,76.7,248,2204,50,0.26,46175,273,82
Ford,31.1,210,2055,350,0.29,47087,141,10
Nissan,74.9,674,2429,50,0.26,75388,340,85
Volkswagen,114.5,293,2432,100,0.26,65879,380,64
Rivian,59.1,273,2030,150,0.28,51946,288,27
Nissan,67.0,391,2163,250,0.29,64684,298,19
Ford,63.2,685,2432,150,0.33,70795,308,26
Volkswagen,32.5,359,1963,250,0.25,50403,129,10
Volkswagen,38.1,507,2183,50,0.3,56427,153,42
Nissan,51.5,749,2395,250,0.31,78410,201,13
BMW,41.5,371,1992,250,0.26,51313,176,10
Hyundai,98.9,729,2816,350,0.32,78342,484,18
Kia,129.9,300,2723,250,0.33,65895,507,31
Polestar,63.5,127,2137,100,0.34,38409,200,37
Volkswagen,44.1,561,2177,350,0.28,54629,222,12
Polestar,113.8,461,2523,50,0.23,64761,474,122
BMW,80.6,486,2471,250,0.22,69796,376,19
Hyundai,124.5,456,2570,50,0.28,71601,558,138
Porsche,86.5,659,2508,350,0.26,81870,376,16
Mercedes-Benz,64.4,486,2229,350,0.32,61650,328,13
Chevrolet,42.8,716,2024,150,0.22,73807,229,18
Nissan,63.5,660,2475,150,0.3,65705,284,24
Nissan,105.9,272,2529,350,0.26,56773,391,22
Kia,42.9,157,2038,150,0.34,46755,157,18
Ford,100.0,290,2490,350,0.27,70478,477,16
Audi,121.1,565,2620,150,0.3,84091,544,47
Polestar,118.7,115,2559,50,0.2,50779,381,131
Ford,106.2,379,2553,350,0.34,68451,432,21
Rivian,60.5,552,2114,150,0.29,62242,191,26
Porsche,104.9,283,2417,150,0.27,53567,445,43
Porsche,47.3,285,2014,150,0.21,47211,231,18
Ford,68.2,486,2212,50,0.29,56365,293,75
Volkswagen,43.5,437,2005,100,0.33,45922,241,26
Hyundai,112.2,465,2779,50,0.22,61060,420,121
Hyundai,110.5,278,2515,250,0.27,58686,492,28
Nissan,33.7,379,1928,350,0.23,52649,131,10
Kia,124.4,436,2747,50,0.3,72329,512,133
Rivian,68.4,242,2061,350,0.28,52644,358,16
Tesla,103.9,528,2553,50,0.2,71531,402,113
Rivian,129.7,607,2687,250,0.25,73216,491,32
Audi,64.3,602,2229,250,0.3,65087,300,17
Rivian,54.2,258,2149,100,0.32,53325,254,33
Ford,56.1,163,1917,50,0.35,46273,290,64
Mercedes-Benz,70.7,466,2453,150,0.32,61590,292,29
Rivian,128.7,358,2819,50,0.24,70453,405,139
Nissan,47.0,100,1857,150,0.33,44995,246,17
Chevrolet,42.4,424,1925,150,0.27,60043,198,19
Hyundai,98.1,371,2596,150,0.31,63013,394,38
BMW,115.7,569,2737,100,0.35,73925,468,64
Porsche,47.7,166,2028,350,0.33,51867,165,13
Audi,98.6,386,2613,100,0.26,66813,373,54
Nissan,67.0,212,2101,150,0.24,47750,378,28
Ford,114.5,314,2598,100,0.21,68001,467,64
Hyundai,75.3,670,2457,50,0.27,78173,328,83
Chevrolet,45.8,659,2278,350,0.32,67947,172,11
Kia,69.2,483,2203,150,0.23,65069,319,28
Kia,119.2,541,2679,50,0.22,74395,517,131
Tesla,62.9,675,2363,100,0.33,70153,214,38
Ford,37.1,360,2087,350,0.24,50053,210,10
Kia,60.9,426,2172,50,0.34,61823,270,66
Volkswagen,92.4,332,2388,150,0.29,61527,423,38
Chevrolet,95.0,592,2475,50,0.28,75418,291,101
Chevrolet,87.9,520,2451,250,0.26,61043,435,24
Porsche,70.4,668,2348,100,0.27,83190,299,43
Ford,50.2,624,2053,350,0.24,67992,220,11
Chevrolet,64.5,320,2281,50,0.31,58723,262,70
BMW,58.9,652,2344,250,0.32,68132,239,17
Rivian,77.3,621,2466,150,0.33,66864,326,31
Ford,122.3,275,2843,250,0.25,60793,439,29
BMW,90.8,166,2369,150,0.22,54701,389,34
Chevrolet,94.8,118,2273,350,0.34,57378,297,16
Kia,45.4,344,2045,50,0.34,58339,200,48
Kia,105.3,459,2435,50,0.3,67235,352,115
Audi,85.4,650,2754,150,0.29,77789,374,34
Volkswagen,81.0,381,2195,50,0.21,60263,417,89
Mercedes-Benz,43.0,595,2191,50,0.2,59950,224,47
Volkswagen,80.9,744,2474,100,0.22,85863,234,46
Audi,76.7,267,2239,50,0.24,52226,360,84
Mercedes-Benz,33.3,493,2070,100,0.35,57274,194,23
Tesla,89.6,304,2520,250,0.28,56766,423,23
BMW,36.9,209,1958,100,0.21,37693,208,24
Tesla,111.6,501,2483,150,0.23,74752,554,46
Kia,68.0,677,2553,100,0.23,66827,205,39
Polestar,76.9,742,2376,150,0.28,84205,376,28
Hyundai,76.2,108,2072,100,0.26,48835,245,45
Volkswagen,121.2,226,2647,50,0.35,53664,386,132
Volkswagen,50.0,732,2363,50,0.3,73692,216,56
Porsche,35.2,695,2079,150,0.33,67729,118,14
Chevrolet,78.3,613,2582,150,0.25,65931,314,32
Audi,111.2,373,2609,150,0.21,64634,371,43
Rivian,36.4,564,2166,100,0.29,53356,101,24
Tesla,112.4,671,2713,50,0.3,81777,442,123
Mercedes-Benz,88.5,579,2695,50,0.25,73223,440,97
Chevrolet,127.1,736,2756,250,0.28,85362,421,28
Polestar,115.3,564,2750,350,0.27,80929,556,19
Hyundai,85.6,436,2453,150,0.3,56681,333,31
BMW,63.2,217,2180,100,0.28,49769,268,35
BMW,34.3,372,1845,250,0.33,47758,158,11
Ford,117.1,730,2922,100,0.23,92739,498,63
Polestar,50.2,658,2310,50,0.3,64038,171,54
Ford,68.8,349,2221,150,0.23,59643,297,28
Chevrolet,81.6,554,2365,100,0.22,71383,423,48
Polestar,61.1,298,2261,150,0.34,52413,283,25
Volkswagen,128.9,608,2712,100,0.33,70827,526,71
Polestar,70.4,110,2100,350,0.29,42304,306,13
Mercedes-Benz,69.6,225,2184,350,0.24,46062,341,13
Hyundai,109.9,299,2489,250,0.22,65112,497,25
Polestar,88.1,610,2742,150,0.29,74569,315,36
BMW,96.7,684,2669,50,0.28,72288,336,105
Polestar,33.5,452,1995,150,0.21,59519,178,18
Chevrolet,124.8,565,2812,350,0.21,77175,568,27
Volkswagen,110.2,522,2465,150,0.27,79643,322,42
Tesla,89.9,708,2519,150,0.21,79650,404,34
Kia,112.6,474,2707,50,0.31,79348,501,121
Nissan,54.0,333,2113,150,0.27,55959,293,23
Mercedes-Benz,58.4,564,2159,50,0.26,63320,308,63
Ford,54.5,655,2192,350,0.27,75818,231,11
Chevrolet,101.9,669,2668,350,0.3,82051,295,20
Rivian,78.4,241,2366,50,0.21,57734,459,85
Hyundai,46.7,244,1917,150,0.31,46747,173,22
Polestar,47.3,543,2338,250,0.35,59946,176,15
Mercedes-Benz,113.6,708,2711,150,0.31,87153,434,45
Chevrolet,109.7,397,2483,100,0.27,68643,418,62
Hyundai,120.4,689,2918,50,0.28,78009,413,129
Audi,51.8,312,1959,150,0.34,58582,260,23
Tesla,119.5,261,2623,250,0.26,60398,553,31
Audi,81.4,336,2226,350,0.29,61075,399,20
Tesla,46.2,634,2204,50,0.29,61036,173,48
Kia,103.3,499,2531,350,0.22,70454,436,16
BMW,82.1,735,2557,350,0.29,82861,269,15
Polestar,97.4,382,2403,350,0.31,67999,389,19
Polestar,78.1,487,2388,350,0.29,51357,312,16
Kia,91.4,238,2426,250,0.25,50913,380,23
BMW,47.4,342,2071,250,0.28,54395,215,13
Rivian,54.0,679,2329,350,0.27,72715,224,19
Tesla,82.8,317,2426,150,0.22,59254,415,32
Audi,107.9,321,2556,150,0.31,72628,349,43
BMW,92.5,296,2282,250,0.28,57310,419,23
Ford,125.4,609,2831,250,0.35,85916,548,30
Nissan,31.1,676,2085,100,0.33,66555,152,23
Audi,119.0,459,2437,150,0.28,78473,497,46
Hyundai,123.9,378,2772,250,0.26,70291,501,31
BMW,63.8,527,2319,250,0.23,60023,329,16
Porsche,112.9,552,2768,350,0.33,80432,385,21
BMW,74.4,178,2220,250,0.28,44218,309,19
Volkswagen,72.6,574,2404,350,0.33,62976,349,15
Nissan,46.8,573,2165,150,0.34,60831,172,20
Rivian,84.3,641,2491,150,0.34,76461,424,36
Nissan,66.9,106,2114,350,0.33,49242,233,14
Volkswagen,84.0,369,2281,350,0.29,57647,410,15
Tesla,98.0,269,2229,50,0.21,68307,457,110
Tesla,84.7,453,2318,50,0.34,66994,344,90
Ford,45.0,528,1936,100,0.26,62720,217,31
Kia,109.7,287,2368,250,0.31,49314,440,28
Hyundai,70.4,660,2411,250,0.24,66460,246,20
Rivian,78.4,556,2352,350,0.2,76597,371,14
BMW,55.3,734,2337,350,0.35,69503,218,10
Kia,106.6,343,2427,350,0.3,55845,472,20
Chevrolet,38.8,411,2064,250,0.3,55541,211,13
Porsche,80.2,335,2227,250,0.23,52421,449,22
Rivian,87.4,117,2347,250,0.34,48759,289,20
Porsche,67.2,537,2310,150,0.21,70039,303,32
Volkswagen,50.6,453,2148,100,0.23,45314,300,32
Chevrolet,102.6,613,2748,350,0.31,66821,378,19
Kia,65.1,472,2204,50,0.34,62223,253,75
Kia,38.1,305,1882,100,0.22,48768,196,23
Tesla,80.1,250,2116,150,0.22,51361,398,34
BMW,37.9,416,1965,150,0.25,43860,206,16
Audi,41.9,666,2220,100,0.22,71954,179,25
Polestar,73.6,511,2438,50,0.24,66174,248,81
Ford,51.1,272,2018,250,0.21,45904,214,14
Kia,125.9,113,2476,350,0.28,56234,520,23
Audi,71.9,652,2416,250,0.26,72832,338,21
Hyundai,109.0,621,2621,350,0.26,78274,379,18
Volkswagen,30.1,310,1809,350,0.29,44997,182,11
Kia,93.4,451,2516,100,0.27,64245,451,53
Rivian,40.3,228,2036,50,0.24,37866,198,47
Kia,79.3,292,2162,100,0.32,55992,406,45
Tesla,71.7,583,2321,100,0.25,59543,337,39
Tesla,73.1,426,2345,100,0.24,64482,352,42
Polestar,77.9,363,2333,100,0.32,54825,363,44
Porsche,119.9,730,3045,350,0.34,86631,381,20
Polestar,74.6,300,2125,150,0.3,60960,330,33
BMW,35.5,214,1676,100,0.32,39560,180,19
BMW,66.5,405,2150,50,0.33,57153,243,73
Hyundai,100.0,233,2379,350,0.27,61072,451,20
Polestar,68.4,601,2312,50,0.28,65863,278,75
Tesla,68.8,419,2097,50,0.26,66395,297,78
Ford,87.6,640,2576,250,0.24,75374,379,22
Polestar,41.2,743,2164,150,0.2,63796,198,16
Ford,83.0,648,2454,150,0.29,71698,264,31
Porsche,117.6,471,2673,100,0.33,73745,389,69
Kia,79.8,713,2690,50,0.27,83780,276,90
Ford,54.5,428,2061,150,0.21,48724,308,25
Ford,115.5,226,2493,50,0.28,55036,457,125
Chevrolet,129.7,712,2801,350,0.28,77765,508,24
BMW,129.1,374,2689,350,0.33,68334,532,20
Polestar,101.7,185,2438,50,0.33,55422,372,113
Kia,110.3,359,2620,250,0.21,60649,460,24
BMW,70.5,378,2365,100,0.23,61951,359,38
Volkswagen,95.6,485,2675,350,0.22,66194,355,17
Volkswagen,45.6,168,1800,150,0.29,52157,202,21
Audi,77.2,419,2477,100,0.25,54543,286,46
Volkswagen,78.3,293,2203,250,0.29,55292,235,19
BMW,129.8,217,2772,250,0.29,65253,556,33
Mercedes-Benz,77.6,519,2270,150,0.26,55866,307,31
Tesla,98.2,392,2687,250,0.28,68525,439,27
Volkswagen,55.0,495,2143,100,0.27,59211,259,34
Audi,105.8,748,2768,100,0.26,85501,480,61
Ford,114.4,432,2614,350,0.24,74991,364,21
Tesla,106.3,209,2383,50,0.25,66126,497,114
Audi,41.0,463,1897,50,0.27,52688,198,45
Audi,51.3,688,2138,350,0.34,63261,196,10
Chevrolet,55.0,234,1944,100,0.23,54175,256,35
Volkswagen,61.9,745,2483,150,0.21,71177,290,24
Ford,62.8,633,2259,100,0.27,76568,270,36
Hyundai,78.8,117,2107,50,0.32,53705,408,88
Chevrolet,50.7,701,2061,100,0.24,68751,254,33
Porsche,38.5,582,1991,250,0.34,66236,163,13
Ford,110.9,681,2641,50,0.2,79974,481,122
Mercedes-Benz,57.1,289,2123,150,0.27,55613,267,23
Nissan,78.8,524,2336,250,0.24,69710,353,18
BMW,44.3,221,1972,50,0.35,53371,243,48
BMW,128.0,737,2866,100,0.22,96703,446,71
Chevrolet,44.6,190,1976,350,0.29,43819,198,10
Nissan,70.8,301,2034,350,0.25,57235,354,17
Rivian,120.4,128,2598,350,0.3,55619,357,24
Rivian,56.4,282,2016,150,0.27,48156,313,23
Kia,44.8,396,1896,150,0.31,53075,199,20
Rivian,126.3,179,2551,250,0.21,68315,671,30
Chevrolet,122.2,123,2498,150,0.22,63916,584,47
Nissan,63.5,346,2163,350,0.27,56207,259,11
Hyundai,36.2,584,2084,50,0.21,64218,175,43
Porsche,58.6,696,2218,350,0.22,67815,256,11
Mercedes-Benz,37.8,377,2085,150,0.31,52367,160,18
Porsche,94.7,327,2454,150,0.29,68280,437,38
BMW,119.9,319,2703,150,0.23,60539,519,47
Ford,99.1,543,2465,50,0.22,66304,436,107
Chevrolet,72.4,695,2173,250,0.34,67756,270,20
Tesla,121.6,352,2691,350,0.28,71272,467,21
Porsche,87.4,474,2428,100,0.32,68273,360,47
Mercedes-Benz,81.3,206,2114,150,0.29,42745,211,31
Porsche,58.9,365,2042,50,0.26,62198,295,66
Audi,56.5,314,2220,50,0.29,51834,253,66
Tesla,44.7,646,2376,350,0.33,63253,133,11
Audi,57.5,661,2352,350,0.2,61837,266,10
Ford,86.3,221,2240,250,0.31,54436,325,23
Volkswagen,126.9,551,2925,150,0.28,75738,359,51
BMW,60.3,608,2340,150,0.3,54098,188,24
Audi,84.2,283,2267,150,0.31,54776,338,33
Chevrolet,94.6,331,2540,100,0.27,61140,430,50
Tesla,76.7,558,2555,250,0.33,60531,332,21
Kia,93.6,529,2439,50,0.34,74688,344,102
Chevrolet,96.8,532,2492,50,0.22,67089,431,105
Chevrolet,124.5,108,2461,250,0.2,59427,557,32
Audi,34.0,747,1972,250,0.25,78036,169,10
Chevrolet,53.3,704,2277,250,0.32,73294,197,14
Tesla,87.3,735,2733,100,0.25,75361,299,53
Volkswagen,125.7,130,2458,150,0.22,60941,561,44
Polestar,117.4,489,2406,100,0.2,72210,548,66
Porsche,127.6,710,2883,350,0.27,85368,377,24
Mercedes-Benz,105.3,376,2441,50,0.26,65083,453,116
Audi,58.9,619,2359,50,0.26,70410,238,68
Volkswagen,46.6,642,2270,350,0.33,64974,161,10
Volkswagen,99.9,549,2889,150,0.32,79508,390,39
Mercedes-Benz,87.0,579,2587,150,0.21,67566,403,36
Kia,53.6,343,2118,150,0.28,49567,187,23
Ford,77.6,524,2406,150,0.23,59891,308,30
Ford,73.8,604,2327,250,0.31,75201,316,19
Tesla,71.1,341,2199,100,0.22,58797,290,42
Tesla,33.8,419,2079,100,0.22,48154,163,21
Volkswagen,109.2,159,2419,150,0.21,52986,510,44
Rivian,34.0,637,2143,100,0.21,65721,208,21
Polestar,106.1,440,2599,100,0.32,71598,441,60
Volkswagen,50.7,321,2138,50,0.3,52337,203,56
Porsche,40.7,175,1840,350,0.35,40373,175,12
Ford,108.9,444,2715,250,0.22,69326,464,31
Mercedes-Benz,92.1,730,2533,100,0.28,79306,345,57
Volkswagen,106.9,559,2640,350,0.27,80505,390,16
Porsche,65.4,567,2160,150,0.3,65247,224,24
Rivian,64.9,360,2198,150,0.34,48831,305,26
Ford,90.2,512,2335,100,0.32,70700,389,49
Porsche,97.1,132,2442,150,0.28,51611,532,36
Ford,34.8,536,1966,350,0.26,61615,137,10
Audi,54.4,500,2300,150,0.27,62890,194,19
Tesla,82.4,121,2244,50,0.33,48431,359,92
Polestar,48.0,140,2053,250,0.27,48716,221,14
Hyundai,60.9,343,2125,50,0.27,52032,216,70
Polestar,101.9,386,2545,50,0.3,57871,332,111
Mercedes-Benz,62.9,488,2366,100,0.25,66125,361,41
Nissan,121.2,729,2669,50,0.27,77346,612,133
Audi,44.9,740,2340,50,0.32,74462,149,52
Kia,64.2,381,2182,50,0.22,56651,293,68
Ford,129.0,671,2809,150,0.35,82274,448,50
Mercedes-Benz,123.1,669,2934,250,0.34,87579,488,29
Volkswagen,93.1,434,2384,100,0.33,65790,440,55
Polestar,127.7,143,2562,150,0.25,64271,588,48
Porsche,57.7,526,1933,50,0.25,66429,278,61
BMW,48.5,277,2191,50,0.28,54940,206,56
Audi,101.6,420,2575,350,0.32,69889,317,15
Volkswagen,119.9,570,2501,250,0.33,71888,604,32
Rivian,47.0,231,2002,250,0.3,48323,173,12
Mercedes-Benz,48.6,597,2286,100,0.21,68212,203,32
Volkswagen,64.5,594,2322,150,0.32,73543,293,27
Mercedes-Benz,58.4,180,2242,50,0.29,37495,298,67
Rivian,110.8,728,3002,150,0.21,84068,341,40
Tesla,119.5,223,2681,100,0.26,55947,363,68
Volkswagen,123.1,706,2884,350,0.22,80686,506,22
Hyundai,36.2,677,2093,50,0.25,69115,193,43
Hyundai,120.2,718,2777,150,0.26,82487,536,45
Mercedes-Benz,91.0,570,2518,50,0.21,71733,355,102
Mercedes-Benz,78.5,245,2292,350,0.33,56538,333,17
BMW,95.9,578,2565,50,0.29,74414,420,104
Polestar,122.6,396,2846,350,0.31,70448,361,19
Porsche,48.7,364,1895,350,0.22,56929,274,10
Audi,66.3,111,2063,250,0.27,46267,325,19
Nissan,78.2,415,2300,50,0.27,70057,385,87
Polestar,123.1,579,2712,100,0.25,71289,439,69
Ford,98.3,679,2521,150,0.26,74816,385,40
Kia,80.2,519,2463,350,0.3,58633,373,18
Hyundai,99.0,575,2589,150,0.31,71108,369,38
Volkswagen,107.4,494,2574,250,0.26,70235,367,26
Audi,79.4,155,2172,250,0.34,42502,349,24
Mercedes-Benz,121.9,356,2666,250,0.22,52010,578,30
Hyundai,36.9,267,2095,350,0.25,39641,166,11
Porsche,81.3,580,2557,350,0.21,66204,351,15
Polestar,42.7,426,1862,350,0.3,51001,197,13
Tesla,125.9,571,2721,250,0.35,76524,430,27
Nissan,33.8,381,1880,350,0.22,51938,208,12
Audi,117.8,167,2366,50,0.22,59221,600,129
Nissan,130.0,420,2698,100,0.33,67138,460,73
Volkswagen,75.5,446,2288,150,0.28,60737,318,32
Audi,115.5,710,2630,50,0.31,84267,451,126
Audi,45.4,660,2160,350,0.34,68668,218,10
Kia,80.4,232,2256,250,0.2,56449,407,22
Audi,113.2,154,2507,100,0.22,48745,395,65
Rivian,66.6,519,2311,150,0.23,62134,342,25
Ford,74.5,330,2279,250,0.32,52093,366,20
Ford,73.8,110,2109,100,0.31,38467,309,46
BMW,52.6,499,2023,100,0.28,56896,232,31
Porsche,77.0,349,2257,100,0.28,67621,313,42
Volkswagen,93.9,397,2578,350,0.29,66960,281,22
Kia,76.6,137,2206,350,0.23,60341,289,16
Polestar,106.5,583,2528,150,0.27,74259,452,44
Rivian,35.7,488,1979,250,0.27,58795,149,10
Volkswagen,115.8,322,2601,50,0.35,61400,404,127
Ford,41.4,177,1814,250,0.31,52218,218,13
Tesla,70.7,380,2259,350,0.25,43171,324,14
Ford,77.5,588,2509,50,0.32,69989,276,88
Polestar,59.0,440,2195,250,0.28,59654,232,13
Tesla,97.4,375,2317,150,0.35,59214,382,38
Porsche,119.2,465,2604,350,0.23,76506,643,17
Mercedes-Benz,78.8,360,2374,150,0.28,63133,371,31
Audi,59.3,225,2024,100,0.26,42204,251,36
Hyundai,68.9,748,2563,50,0.34,73122,237,76
Tesla,66.2,198,2207,150,0.28,49203,300,29
Polestar,66.3,708,2279,350,0.32,66641,262,18
Kia,103.8,616,2733,100,0.26,78420,439,56
Nissan,65.6,726,2377,100,0.21,76696,317,42
Audi,64.9,641,2337,250,0.33,70939,254,17
Hyundai,92.5,354,2415,50,0.35,51743,337,103
Mercedes-Benz,84.3,224,2211,150,0.24,51381,415,33
Polestar,88.6,608,2488,250,0.3,73776,360,22
Porsche,76.6,311,2334,50,0.2,53664,322,85
Kia,33.1,198,1870,50,0.21,34131,159,39
Volkswagen,69.8,307,2228,250,0.27,49592,362,20
Hyundai,30.4,361,1970,350,0.21,53129,148,10
Nissan,99.3,559,2627,50,0.31,76884,425,110
Kia,76.7,683,2483,350,0.22,71840,300,16
Porsche,82.9,544,2295,150,0.22,69151,372,33
Volkswagen,115.5,215,2315,50,0.21,57401,557,126
Nissan,70.0,184,2076,100,0.32,44335,302,41
Polestar,91.1,144,2259,50,0.21,53826,455,101
Chevrolet,100.1,114,2143,250,0.3,50249,533,26
Chevrolet,73.8,333,2104,50,0.29,56415,332,80
Nissan,47.0,631,2191,250,0.24,69949,243,14
Tesla,121.0,614,2697,250,0.21,81554,508,30
Polestar,97.2,417,2653,50,0.26,69411,385,107
Mercedes-Benz,49.1,459,1951,350,0.2,60561,213,12
Rivian,66.5,521,2275,250,0.26,60734,247,19
Porsche,94.0,122,2341,100,0.26,54924,535,52
Chevrolet,109.0,248,2456,100,0.31,55884,564,62
Porsche,75.6,233,2173,350,0.3,43349,347,17
Nissan,104.4,584,2556,350,0.34,72513,456,18
Volkswagen,60.7,166,2050,250,0.27,42512,278,15
BMW,51.9,618,2282,50,0.24,63985,213,57
Mercedes-Benz,103.4,147,2387,350,0.23,58582,492,24
Polestar,55.2,692,2347,50,0.23,67288,223,60
Audi,37.6,108,1790,50,0.2,35987,180,47
Ford,104.7,230,2381,150,0.34,54035,484,39
Audi,43.1,515,2133,50,0.24,61644,214,49
Hyundai,76.2,378,2110,50,0.26,67745,371,84
Nissan,101.8,318,2470,350,0.26,56845,556,19
BMW,55.3,511,2367,150,0.33,60798,237,25
Ford,71.6,451,2484,150,0.24,64880,352,29
Polestar,102.9,263,2502,350,0.35,57920,376,16
Kia,79.0,346,2397,100,0.29,50670,361,45
Tesla,82.7,343,2167,150,0.25,60239,400,30
Kia,106.1,612,2684,50,0.32,80232,396,113
Audi,42.2,456,1901,50,0.28,59779,191,48
Ford,73.2,372,2282,150,0.34,55581,281,32
Tesla,105.8,335,2515,100,0.3,68057,380,60
Polestar,35.1,411,1913,250,0.31,45911,187,10
Ford,105.1,716,2623,100,0.28,83469,489,57
Porsche,36.1,162,1864,250,0.29,37301,163,12
Volkswagen,40.7,290,2174,50,0.21,55330,185,49
Hyundai,75.4,154,2227,50,0.22,47876,367,80
Ford,55.3,354,2189,250,0.25,52019,251,17
Ford,75.9,229,2180,150,0.29,55283,351,32
Tesla,57.6,469,2069,150,0.27,57146,247,25
Nissan,119.9,572,2661,50,0.21,73554,608,130
Polestar,111.3,481,2645,350,0.24,62159,467,20
Audi,98.9,679,2486,350,0.31,72369,488,17
Chevrolet,102.2,602,2517,50,0.28,72804,445,108
Nissan,43.9,174,1984,150,0.35,38577,160,21
BMW,80.6,128,2220,150,0.25,57255,364,28
Audi,71.9,543,2474,250,0.2,69346,243,20
Tesla,79.4,370,2248,50,0.34,64820,313,88
Mercedes-Benz,103.7,377,2526,50,0.22,63672,398,113
Mercedes-Benz,43.1,707,2432,100,0.24,60056,177,28
BMW,70.8,270,2326,50,0.29,47411,328,74
Porsche,116.1,314,2484,150,0.21,53948,487,47
Ford,117.8,383,2696,100,0.24,66491,384,65
Polestar,62.0,198,2072,100,0.21,44123,309,35
BMW,66.1,454,2017,150,0.24,60463,280,30
Rivian,115.6,403,2582,250,0.21,64731,571,26
Mercedes-Benz,94.4,441,2589,150,0.21,71030,391,38
Porsche,104.5,688,2875,50,0.34,81092,383,111
Ford,38.1,617,2199,150,0.25,73116,168,15
Rivian,87.1,104,2238,150,0.28,45827,437,36
Kia,126.0,143,2683,50,0.32,58369,454,137
Nissan,116.3,333,2481,150,0.3,63491,503,46
Audi,114.1,595,2670,50,0.26,80567,483,120
Volkswagen,91.1,311,2402,150,0.21,48644,459,37
Audi,37.6,606,2113,100,0.22,72093,154,23
Ford,124.6,282,2622,150,0.25,61661,507,46
Chevrolet,115.3,519,2687,50,0.23,76114,433,129
Chevrolet,45.9,358,2098,150,0.25,49531,169,22
Tesla,31.4,688,2169,250,0.28,67880,110,12
Tesla,120.8,137,2436,150,0.27,54945,611,44
Chevrolet,126.5,411,2735,50,0.22,69036,518,137
Hyundai,59.8,479,2178,150,0.26,68313,257,25
Nissan,90.2,495,2337,50,0.3,68688,285,96
Hyundai,95.3,653,2728,100,0.32,73886,439,53
Chevrolet,121.0,392,2593,350,0.24,66484,478,21
Mercedes-Benz,34.6,705,2230,50,0.3,67831,155,38
Polestar,88.4,665,2480,250,0.35,76879,332,20
Porsche,54.5,679,2268,250,0.21,69884,232,17
Hyundai,116.0,333,2614,350,0.34,67094,333,23
Rivian,93.9,671,2761,150,0.28,70314,298,37
Kia,67.5,210,2100,100,0.25,46629,329,39
Nissan,95.8,492,2683,100,0.32,75077,368,52
Kia,64.6,468,2236,100,0.21,72008,328,38
BMW,101.5,552,2683,100,0.29,71500,439,58
Hyundai,107.0,250,2561,50,0.3,51033,383,114
BMW,118.3,244,2456,100,0.22,61975,429,68
Chevrolet,54.4,225,1767,150,0.27,53431,259,25
Polestar,30.6,559,1968,50,0.23,62070,180,37
Kia,60.2,678,2256,150,0.31,72473,304,27
Ford,105.0,215,2234,100,0.22,56808,493,60
Nissan,70.7,275,2210,250,0.24,52678,315,20
Tesla,117.2,355,2596,150,0.21,57342,604,42
Rivian,68.2,116,2125,100,0.34,53146,291,38
Rivian,103.5,459,2841,150,0.3,70676,319,38
Hyundai,42.3,727,2250,100,0.26,70244,163,24
Mercedes-Benz,49.9,422,2219,50,0.25,63366,273,57
Hyundai,95.0,721,2569,50,0.24,74355,472,107
Polestar,83.7,649,2584,50,0.24,68908,399,90
Polestar,123.9,571,2730,100,0.22,83906,495,70
Ford,91.0,426,2411,350,0.21,65036,388,17
Chevrolet,88.8,347,2472,350,0.29,57183,363,18
Volkswagen,58.5,345,2286,100,0.2,58879,300,34
Kia,67.2,613,2336,100,0.26,61657,265,40
Volkswagen,33.1,207,1870,50,0.25,47761,172,41
Audi,59.6,676,2422,250,0.27,67082,234,17
BMW,118.0,386,2649,100,0.27,60106,591,67
Audi,102.0,172,2453,150,0.24,67561,421,39
Chevrolet,122.1,674,2927,250,0.29,78244,380,33
BMW,127.4,406,2567,350,0.27,71972,424,27
Mercedes-Benz,114.8,442,2856,100,0.21,72146,432,64
Audi,70.3,101,1973,350,0.31,56102,317,18
Chevrolet,69.6,747,2483,50,0.33,76509,257,81
Volkswagen,96.7,631,2692,250,0.27,78144,370,27
Nissan,95.3,383,2467,150,0.21,66395,431,40
Volkswagen,34.5,233,1846,100,0.28,45341,140,20
Porsche,87.8,267,2123,100,0.25,57548,367,53
Chevrolet,45.0,327,1918,50,0.33,47153,199,48
Rivian,39.6,357,1870,250,0.32,54360,180,13
Volkswagen,46.7,409,2213,250,0.23,55066,247,12
Hyundai,117.1,432,2933,100,0.3,75509,435,66
Audi,52.9,202,2103,250,0.29,55118,251,18
Ford,105.3,211,2325,50,0.28,56926,428,117
Polestar,84.5,419,2288,100,0.24,60918,413,47
Mercedes-Benz,115.2,136,2557,50,0.28,61956,474,123
Rivian,90.6,412,2346,250,0.3,55264,437,23
Chevrolet,59.8,386,2139,250,0.26,59204,322,18
Kia,77.7,619,2194,250,0.21,86972,384,18
Ford,72.9,746,2459,350,0.32,77315,285,17
BMW,117.5,669,2713,150,0.23,76743,559,45
Mercedes-Benz,102.6,410,2717,350,0.28,66867,377,16
Tesla,87.8,339,2437,50,0.31,63037,279,98
Nissan,126.4,360,2716,150,0.27,67436,485,54
Mercedes-Benz,91.3,670,2575,250,0.21,68970,410,23
Volkswagen,37.7,301,2022,100,0.29,42970,166,30
BMW,73.9,717,2417,150,0.28,86558,322,31
Chevrolet,63.2,140,2102,150,0.32,43433,254,26
Audi,72.9,150,2188,250,0.34,49371,292,19
Porsche,43.1,485,2121,350,0.23,54640,214,10
Volkswagen,106.9,191,2458,50,0.33,53740,470,117
Kia,118.0,737,2637,100,0.26,82008,554,64
Chevrolet,37.0,274,2066,100,0.28,38728,161,24
BMW,128.8,596,2791,350,0.29,82735,405,24
Rivian,127.0,321,2720,50,0.31,69318,489,138
BMW,47.0,338,2026,150,0.27,52908,233,20
Mercedes-Benz,119.8,124,2533,150,0.21,51671,541,46
Chevrolet,96.2,205,2433,100,0.31,50754,420,53
Nissan,46.9,322,1984,100,0.26,61014,184,27
Hyundai,102.9,123,2295,100,0.34,53864,423,61
Porsche,126.3,507,2801,100,0.35,73460,453,71
Volkswagen,121.2,495,2668,150,0.3,75010,510,43
Chevrolet,127.0,139,2587,350,0.22,63023,466,25
BMW,125.4,652,2890,350,0.2,78820,434,22
Ford,33.2,157,1886,100,0.3,42326,158,22
Tesla,74.9,681,2539,250,0.3,71139,347,21
Chevrolet,39.7,735,2416,250,0.31,75764,159,14
Nissan,63.3,170,2165,100,0.33,35982,299,38
BMW,60.3,641,2328,150,0.33,71965,175,29
Kia,38.5,472,1974,50,0.21,58488,160,42
BMW,33.1,433,1975,50,0.35,46213,119,39
BMW,33.3,628,2282,250,0.28,68040,151,15
Porsche,113.7,572,2802,150,0.31,72461,385,45
Mercedes-Benz,103.1,539,2622,50,0.2,69522,520,109
Ford,116.1,706,2699,100,0.29,86819,484,63
Chevrolet,33.9,122,1690,100,0.32,37077,192,23
Porsche,102.1,263,2399,150,0.22,61969,409,41
Volkswagen,62.5,366,2278,350,0.23,58633,251,17
Mercedes-Benz,35.0,639,2172,250,0.3,58922,136,13
Kia,87.1,299,2309,150,0.29,62990,358,35
Volkswagen,37.0,377,1881,100,0.29,40126,198,22
Polestar,30.4,222,2007,350,0.3,49483,161,10
Kia,127.5,517,2589,250,0.23,73326,528,29
Rivian,41.8,363,1807,100,0.2,55357,199,30
Kia,82.4,434,2544,100,0.22,62385,335,47
Chevrolet,65.5,119,2188,50,0.23,44624,299,71
Polestar,90.3,687,2689,350,0.31,71778,332,19
Volkswagen,102.5,462,2615,100,0.21,60861,350,58
Ford,55.5,554,2322,100,0.29,70990,206,32
Chevrolet,51.8,510,2202,150,0.31,67891,225,21
Volkswagen,110.4,514,2621,150,0.26,61638,438,42
Volkswagen,38.0,335,2009,250,0.31,42827,157,10
BMW,56.7,268,1788,250,0.23,56454,263,19
Ford,76.7,230,2205,250,0.29,54737,342,23
Ford,77.7,381,2378,350,0.21,68371,422,14
BMW,95.1,368,2599,50,0.31,66749,483,103
Rivian,31.5,506,2034,50,0.24,60080,133,39
Hyundai,120.5,230,2726,350,0.24,64619,561,21
BMW,89.6,337,2577,100,0.32,57371,282,54
Kia,58.0,248,2016,150,0.3,52145,222,22
BMW,66.9,634,2212,350,0.34,66177,326,13
Rivian,44.5,591,2222,150,0.29,59428,224,21
Ford,117.9,609,2774,100,0.27,80679,450,65
Ford,36.6,596,2097,100,0.3,57164,131,23
BMW,82.8,346,2439,250,0.34,69961,212,23
Nissan,43.7,142,1981,250,0.35,41290,181,13
Polestar,55.4,624,2338,150,0.34,65480,271,24
Nissan,75.1,372,2262,350,0.2,65715,275,16
Tesla,124.7,354,2658,250,0.28,69704,437,30
Volkswagen,72.2,112,2062,150,0.35,43325,294,31
Polestar,64.3,114,2153,250,0.25,43573,296,20
Ford,116.8,296,2690,250,0.26,69564,421,29
Volkswagen,77.9,707,2396,100,0.32,80190,281,42
BMW,47.3,654,2455,350,0.21,67514,267,13
Ford,69.3,554,2317,250,0.28,66676,291,19
Nissan,101.2,252,2538,50,0.34,58348,380,114
Kia,129.3,396,2823,350,0.23,72310,546,21
Ford,103.4,698,2876,250,0.32,82732,490,27
Audi,84.3,197,2331,250,0.34,51200,377,22
BMW,74.8,163,2082,100,0.21,46753,390,42
Hyundai,103.3,499,2568,150,0.34,70571,383,42
Hyundai,108.2,560,2761,100,0.25,76082,464,60
Audi,42.4,429,2048,50,0.27,47936,190,49
Chevrolet,105.6,339,2654,50,0.29,56399,394,116
Ford,33.3,495,1722,250,0.34,55664,121,14
Mercedes-Benz,76.2,515,2240,100,0.27,67195,329,42
Mercedes-Benz,66.1,193,2062,50,0.29,46350,319,74
Kia,70.1,128,2139,100,0.27,40005,330,41
Porsche,45.2,595,2205,50,0.31,72880,238,50
Chevrolet,51.5,415,2187,150,0.28,51248,261,23
Nissan,125.0,554,2642,350,0.24,74911,530,22
Rivian,129.9,719,2880,50,0.3,82559,495,140
Volkswagen,124.3,322,2682,350,0.33,56883,395,23
Nissan,59.5,602,2308,150,0.24,62696,279,24
Hyundai,46.6,193,2192,50,0.26,35532,230,52
BMW,97.9,393,2373,250,0.32,67264,463,23
Polestar,65.5,129,2056,250,0.35,43761,238,19
Polestar,102.5,497,2377,50,0.2,71922,526,112
BMW,108.0,420,2554,350,0.32,74069,420,19
Polestar,86.7,378,2305,100,0.28,62704,408,49
Tesla,57.8,683,2070,150,0.2,76127,296,22
Polestar,124.3,272,2558,100,0.34,68428,372,67
Kia,117.9,205,2534,350,0.25,64217,483,21
Porsche,111.7,252,2571,250,0.26,57371,471,26
Ford,66.6,344,2175,350,0.27,55022,330,13
Mercedes-Benz,84.6,354,2290,100,0.35,61126,332,50
Tesla,52.8,404,2148,50,0.26,53165,209,60
Mercedes-Benz,48.3,551,2078,100,0.21,61664,210,28
Porsche,77.7,166,2185,250,0.27,48421,268,19
Tesla,41.9,206,2077,250,0.25,49842,229,11
Polestar,55.7,445,2178,350,0.33,57627,214,13
Audi,32.1,408,1904,150,0.26,46342,156,17
Ford,110.9,275,2534,50,0.24,58302,492,118
Tesla,115.4,590,2735,100,0.26,75481,430,65
Audi,76.6,726,2508,350,0.23,78269,368,15
Volkswagen,87.4,378,2447,100,0.34,70904,396,51
Porsche,105.5,310,2496,50,0.27,59933,415,114
Chevrolet,94.1,141,2256,150,0.28,44376,396,36
Ford,34.5,152,1763,250,0.31,41792,126,10
Chevrolet,69.4,488,2376,150,0.2,66430,385,31
Audi,48.9,496,2166,350,0.28,59144,276,13
Porsche,87.9,216,2339,150,0.35,52024,378,35
Rivian,128.7,292,2644,100,0.24,66736,582,72
Polestar,101.1,430,2642,250,0.24,64003,479,25
Volkswagen,100.1,579,2648,100,0.25,70379,517,56
Volkswagen,113.9,584,2968,350,0.33,76420,317,20
Tesla,49.3,242,2036,350,0.3,39038,241,12
Polestar,78.4,343,2441,350,0.27,64222,357,15
Chevrolet,64.9,599,2442,350,0.29,76360,246,12
Hyundai,78.6,297,2518,150,0.2,48336,346,34
Ford,80.6,587,2575,150,0.31,62443,308,33
BMW,81.7,226,2395,350,0.27,45259,372,13
Tesla,73.6,196,2159,250,0.33,58570,319,19
BMW,93.0,529,2542,350,0.34,78603,295,16
Hyundai,103.2,627,2707,50,0.34,71660,423,113
Porsche,122.5,216,2614,250,0.34,66280,381,27
Ford,121.9,138,2556,150,0.22,52645,549,44
Audi,77.0,511,2294,350,0.22,72731,335,13
Porsche,62.1,471,2271,350,0.23,57879,369,14
Chevrolet,62.6,498,2317,250,0.25,61292,268,16
Hyundai,47.2,416,2172,250,0.23,50970,243,11
Nissan,56.4,143,2136,250,0.22,49130,243,12
Volkswagen,107.7,702,2770,250,0.22,82624,476,26
Polestar,57.7,544,2183,350,0.27,63836,298,13
Audi,38.0,710,2303,250,0.34,68346,155,12
Kia,108.2,545,2508,150,0.22,72765,453,41
Polestar,50.7,158,2105,350,0.32,49282,176,10
Rivian,35.9,722,2133,150,0.29,70579,185,12
Rivian,72.0,525,2516,250,0.24,58276,323,19
BMW,106.4,356,2512,50,0.31,60041,465,113
Mercedes-Benz,53.9,267,2147,250,0.21,53078,231,13
Kia,73.2,352,2050,150,0.32,61560,280,34
Audi,111.1,323,2611,50,0.24,58384,528,121
Mercedes-Benz,45.6,183,1992,350,0.3,43811,225,10
Hyundai,124.2,308,2742,50,0.31,66835,439,135
Polestar,94.9,137,2446,50,0.21,55359,493,102
Volkswagen,103.2,207,2328,150,0.24,46197,472,38
BMW,87.1,740,2674,250,0.33,72108,417,21
Polestar,91.8,418,2435,250,0.31,65174,374,25
Audi,54.7,687,2203,150,0.29,74583,176,25
Volkswagen,66.3,155,2229,50,0.35,43919,274,72
Hyundai,61.7,682,2247,100,0.22,68246,357,35
Chevrolet,124.9,313,2734,250,0.29,67077,498,29
Nissan,58.5,188,2193,50,0.28,45380,269,67
Porsche,86.6,270,2460,150,0.31,49771,418,36
Kia,82.6,142,2316,250,0.22,44812,382,24
Volkswagen,116.0,239,2574,350,0.3,59879,452,18
Nissan,112.2,343,2711,350,0.26,61931,390,20
Nissan,89.4,649,2593,350,0.23,65411,458,18
Nissan,49.5,648,2167,150,0.33,67144,218,26
Ford,57.2,709,2276,350,0.21,72962,222,17
Polestar,123.4,607,2698,150,0.22,82579,453,48
Mercedes-Benz,95.2,429,2432,250,0.29,72567,388,24
Ford,62.0,555,2358,250,0.32,71252,237,19
BMW,36.0,403,2023,250,0.21,48773,217,10
Rivian,84.7,166,2216,250,0.26,59789,252,25
Polestar,50.8,492,2291,350,0.31,58805,170,12
Polestar,78.7,723,2499,150,0.33,75562,290,30
Polestar,60.4,582,2174,350,0.31,66971,291,17
Rivian,110.3,417,2804,100,0.31,69641,323,62
Kia,101.1,575,2570,150,0.33,73297,326,42
Ford,33.0,493,2071,50,0.29,57408,150,38
Tesla,106.3,178,2404,350,0.31,56606,523,19
Chevrolet,100.6,545,2593,350,0.33,68173,360,21
Rivian,114.7,313,2561,150,0.25,65093,503,44
Hyundai,65.3,319,2362,350,0.34,54071,250,16
Nissan,92.3,389,2342,150,0.21,71012,500,38
Nissan,96.3,746,2623,350,0.28,91357,390,18
Rivian,35.1,459,1937,50,0.23,63809,154,39
Audi,103.8,120,2486,100,0.25,57552,460,56
Tesla,114.4,486,2727,250,0.34,69868,470,28
Polestar,104.3,676,2577,150,0.22,83941,533,42
Hyundai,38.9,405,1953,100,0.28,45285,161,27
Rivian,92.9,574,2481,150,0.32,71798,386,36
Polestar,72.5,375,2217,50,0.22,63368,328,80
Porsche,67.1,271,2326,100,0.3,50170,297,41
BMW,96.9,268,2363,150,0.34,62224,354,39
Chevrolet,86.0,685,2565,250,0.3,73801,315,25
Hyundai,101.8,263,2451,350,0.29,62119,439,21
Tesla,47.9,458,2047,100,0.23,55014,251,28
Ford,129.1,293,2854,100,0.23,63322,426,73
Kia,39.3,298,1936,50,0.28,57062,166,44
BMW,41.4,410,2022,350,0.27,56417,144,10
Rivian,54.7,380,2188,50,0.35,54289,274,57
Mercedes-Benz,73.6,156,2228,150,0.31,54825,279,30
Ford,32.9,500,2067,350,0.2,52840,129,10
Kia,106.3,650,2664,50,0.34,79252,337,115
Kia,46.0,255,1975,350,0.29,41369,239,11
Rivian,68.9,653,2281,350,0.23,64271,309,14
Chevrolet,106.1,152,2707,150,0.24,58106,378,41
Kia,30.1,662,2058,150,0.24,63838,170,13
Audi,31.5,683,1986,100,0.32,71104,157,22
Audi,110.3,351,2569,250,0.33,66821,390,25
Nissan,37.7,107,1744,100,0.29,34284,148,25
Nissan,88.5,707,2692,350,0.28,80225,269,18
Polestar,104.9,519,2614,350,0.26,78040,483,18
Chevrolet,55.6,643,2288,250,0.26,69239,221,14
Volkswagen,103.5,264,2459,150,0.21,58927,468,40
BMW,48.8,143,1925,150,0.25,29615,220,24
Rivian,40.8,164,1878,150,0.22,40434,208,20
Nissan,40.6,681,2231,350,0.21,61639,206,11
BMW,96.1,495,2417,250,0.3,67266,326,21
Ford,72.6,250,2152,150,0.26,47948,375,25
Kia,34.5,150,1793,100,0.3,27949,182,21
Chevrolet,54.0,514,2336,150,0.28,57856,228,24
Ford,124.2,517,2607,250,0.22,79759,482,31
Rivian,41.0,274,1871,150,0.22,40041,185,19
Polestar,110.2,609,2732,250,0.32,81896,432,25
Kia,48.4,341,1990,150,0.33,58831,190,17
Polestar,111.2,472,2686,50,0.3,65938,338,119
Ford,47.0,114,2019,250,0.31,33653,208,13
Polestar,83.4,318,2399,50,0.22,68040,332,85
Ford,89.8,590,2580,250,0.28,66790,376,26
Polestar,109.3,243,2503,100,0.2,64956,532,60
Mercedes-Benz,110.1,364,2522,100,0.25,71207,353,61
Polestar,127.3,286,2730,150,0.24,68733,417,49
Ford,70.8,370,2260,250,0.25,58087,352,18
Mercedes-Benz,128.0,336,2703,150,0.34,71611,441,45
Tesla,99.3,359,2312,50,0.25,64798,408,108
Hyundai,30.6,740,2254,150,0.21,63313,164,14
Mercedes-Benz,52.4,714,2279,350,0.27,76994,219,11
Volkswagen,80.4,631,2545,50,0.3,77580,335,89
Audi,108.6,224,2367,250,0.24,60703,518,24
Ford,114.4,579,2638,250,0.34,73869,431,25
Porsche,108.8,628,2631,150,0.25,85725,439,45
Hyundai,105.1,197,2458,250,0.31,53809,382,28
Volkswagen,108.8,182,2596,50,0.25,69852,497,117
Nissan,76.1,411,2314,50,0.33,58070,350,82
Polestar,39.4,195,1911,250,0.28,42516,149,12
Rivian,76.6,398,2292,50,0.21,58988,304,88
Volkswagen,117.3,210,2479,250,0.29,56996,401,27
Volkswagen,110.3,680,2572,250,0.24,75295,528,23
Hyundai,98.2,472,2530,100,0.3,70506,381,60
Hyundai,69.9,360,2315,50,0.29,54544,297,77
Hyundai,37.5,198,1861,150,0.3,37199,183,17
Audi,54.0,706,2310,50,0.28,65442,247,59
Rivian,71.9,526,2314,100,0.25,60653,242,41
Ford,84.9,275,2430,250,0.24,55382,451,21
Nissan,99.2,231,2423,350,0.24,53217,408,20
Ford,117.5,132,2570,150,0.21,46252,456,50
Chevrolet,49.3,749,2313,100,0.23,74294,218,28
Nissan,74.5,705,2387,350,0.27,76435,321,17
Hyundai,77.9,269,2253,100,0.35,49155,262,45
Kia,107.5,225,2574,100,0.24,61528,440,60
Audi,101.6,307,2586,100,0.22,65349,391,54
Polestar,108.0,710,2828,350,0.25,90291,422,22
Audi,56.9,470,2178,50,0.27,57020,259,65
Tesla,82.5,284,2255,150,0.28,58064,347,36
Kia,40.0,692,1907,150,0.25,64440,192,20
Ford,78.3,548,2369,50,0.34,65029,352,90
Chevrolet,129.1,498,2646,150,0.33,84033,429,52
Audi,54.1,469,2297,100,0.33,61409,269,30
Porsche,30.3,130,1703,250,0.22,42033,154,12
Kia,75.6,366,2284,150,0.35,57161,302,31
Volkswagen,90.1,545,2287,250,0.28,76104,351,22
Hyundai,62.9,178,2128,100,0.27,46455,205,42
Rivian,83.9,280,2025,350,0.31,39240,369,19
Porsche,73.7,355,2251,150,0.26,54989,416,28
Mercedes-Benz,67.4,448,2360,250,0.22,61753,281,16
Porsche,71.8,237,2109,250,0.26,45413,276,22
Polestar,65.1,383,2212,100,0.31,45153,283,38
Polestar,62.5,504,2296,50,0.27,65590,234,68
Tesla,94.8,684,2750,50,0.28,84332,341,103
Chevrolet,59.5,504,2270,350,0.25,58373,336,14
BMW,113.7,443,2652,350,0.24,75600,416,22
Tesla,69.7,709,2359,50,0.3,75332,327,74
Chevrolet,57.1,453,2187,150,0.26,57176,240,25
Hyundai,115.9,555,2490,350,0.29,72440,505,24
Rivian,54.1,141,1827,50,0.25,38070,300,63
Polestar,123.4,235,2626,350,0.34,67303,515,22
Volkswagen,38.2,331,1809,100,0.31,46359,178,24
Ford,103.1,212,2461,100,0.24,54834,433,59
Chevrolet,45.5,109,1856,50,0.33,30699,207,51
Chevrolet,51.7,169,2000,100,0.31,41382,171,31
Kia,83.1,166,2156,50,0.21,47891,413,92
Tesla,68.7,136,2076,100,0.21,44355,355,41
Mercedes-Benz,56.9,590,2329,100,0.32,66160,211,35
Ford,58.2,744,2241,150,0.32,71292,245,23
Volkswagen,107.0,188,2628,50,0.29,56129,398,117
Mercedes-Benz,99.1,152,2103,250,0.22,45289,480,26
Nissan,66.2,299,2209,350,0.31,58012,310,13
BMW,105.0,292,2471,100,0.25,64258,454,58
BMW,98.4,624,2639,50,0.34,78587,334,104
Nissan,113.8,238,2452,150,0.27,52466,488,43
Chevrolet,69.2,145,2185,150,0.35,40062,238,30
Tesla,97.3,445,2385,250,0.2,77193,419,25
Kia,102.4,350,2346,250,0.23,61463,496,28
Ford,60.1,269,2100,50,0.28,48074,304,71
Mercedes-Benz,119.5,688,2862,100,0.25,78624,429,65
Polestar,72.0,199,2192,150,0.24,54177,299,27
Tesla,126.5,615,2785,100,0.23,90443,384,69
Rivian,124.8,145,2570,250,0.29,57841,412,32
Mercedes-Benz,32.2,608,2053,50,0.29,65556,188,40
Hyundai,41.8,575,2114,250,0.29,58886,145,12
Nissan,71.0,690,2527,150,0.29,72936,206,29
Porsche,37.5,263,1722,350,0.35,47827,191,11
Ford,122.5,248,2706,50,0.24,61712,505,132
Polestar,54.9,295,2100,150,0.3,56349,221,19
Porsche,75.6,650,2333,150,0.21,61438,341,30
Hyundai,121.2,732,2992,100,0.33,84433,397,68
Hyundai,35.1,495,2166,150,0.33,68196,156,18
BMW,44.6,664,2406,150,0.31,70713,185,24
Hyundai,34.7,256,2006,150,0.31,46391,167,16
Kia,119.8,359,2736,250,0.23,63934,473,27
Tesla,112.7,599,2650,50,0.22,71859,533,120
Volkswagen,82.6,251,2256,350,0.26,59069,367,15
Nissan,93.2,265,2381,350,0.28,60832,447,18
Audi,41.3,487,2078,50,0.28,63494,181,49
Mercedes-Benz,129.7,611,2749,150,0.3,78101,418,54
Ford,52.7,242,1886,250,0.33,50644,198,16
Volkswagen,90.6,338,2462,150,0.28,58379,316,37
Chevrolet,101.7,339,2494,100,0.27,51878,432,58
BMW,124.9,333,2592,150,0.29,65072,520,43
Mercedes-Benz,58.6,179,2246,50,0.24,48389,218,66
Ford,65.8,620,2460,150,0.26,71410,234,28
Volkswagen,89.9,216,2256,100,0.2,49419,423,50
Porsche,76.0,637,2271,150,0.34,67470,281,31
Kia,67.5,172,2003,50,0.24,47972,374,74
Ford,112.2,467,2523,250,0.21,75647,426,26
Polestar,34.6,322,1979,250,0.24,46590,147,14
Hyundai,78.6,593,2362,250,0.34,63267,358,22
BMW,54.5,568,2177,150,0.23,62368,256,26
Mercedes-Benz,49.3,599,1976,50,0.21,70833,274,57
Porsche,87.1,411,2391,250,0.33,56911,305,24
Nissan,51.4,270,2090,100,0.34,55955,228,33
Porsche,75.8,308,2406,100,0.27,54659,281,42
Nissan,95.9,576,2565,350,0.22,79693,379,18
Polestar,90.6,230,2312,100,0.25,50131,412,51
Kia,61.8,320,2232,350,0.34,51222,276,14
BMW,32.5,491,2038,250,0.3,57699,131,12
BMW,55.1,216,2163,50,0.25,44378,269,61
Volkswagen,111.9,181,2521,50,0.28,49652,412,120
Nissan,50.6,375,2037,250,0.29,55110,242,15
Tesla,32.3,483,1816,100,0.32,50618,179,24
BMW,86.2,366,2323,250,0.25,52382,426,22
BMW,87.5,542,2544,50,0.29,66669,342,96
Chevrolet,89.6,712,2704,50,0.27,86535,363,102
Polestar,64.5,343,2194,50,0.27,57510,271,70
Porsche,38.6,216,1902,250,0.33,44651,128,10
Chevrolet,45.2,263,2048,350,0.25,55484,233,10
Tesla,87.4,308,2417,100,0.21,56866,319,48
Chevrolet,124.9,713,2785,350,0.22,90558,480,21
BMW,127.1,328,2560,350,0.21,72830,494,23
Mercedes-Benz,67.4,235,2067,50,0.27,43495,350,75
Volkswagen,118.0,399,2498,250,0.32,74837,530,29
Tesla,66.7,181,2294,100,0.24,45606,292,44
Polestar,96.1,478,2546,100,0.28,63371,444,54
Nissan,86.6,697,2691,50,0.29,76217,330,96
Mercedes-Benz,73.6,727,2633,350,0.27,73634,219,16
Mercedes-Benz,81.5,100,2232,350,0.25,48060,346,17
Mercedes-Benz,85.5,275,2245,250,0.21,57207,451,20
Audi,95.4,670,2699,50,0.25,77225,349,106
Chevrolet,84.3,689,2468,50,0.21,74486,317,90
Rivian,105.2,334,2598,350,0.34,58556,430,20
Nissan,128.4,218,2611,350,0.29,54923,515,23
Hyundai,98.9,186,2341,150,0.28,56350,408,38
Hyundai,91.6,304,2475,100,0.22,47738,441,54
Kia,30.3,283,1962,350,0.22,42198,100,11
Polestar,75.1,463,2374,100,0.21,61575,326,46
Mercedes-Benz,91.9,296,2334,100,0.32,63714,402,49
Ford,50.9,363,1966,100,0.29,45712,191,32
Nissan,91.1,126,2309,350,0.23,52265,419,17
BMW,74.7,378,2499,250,0.24,59911,311,19
Nissan,60.4,710,2375,250,0.25,72598,313,19
Rivian,126.2,109,2536,250,0.2,58943,618,30
Mercedes-Benz,84.8,562,2466,50,0.34,69234,369,92
Chevrolet,129.3,578,2823,50,0.31,80493,422,140
BMW,94.8,107,2344,250,0.33,58396,355,26
Ford,80.7,636,2498,250,0.22,75826,372,19
Hyundai,107.1,436,2646,100,0.35,79668,348,61
BMW,95.8,194,2277,250,0.21,53379,435,25
Audi,92.7,427,2542,150,0.3,57675,380,35
BMW,102.3,466,2486,50,0.32,69694,491,110
Ford,53.9,491,2304,100,0.21,65012,216,31
Hyundai,115.6,343,2684,250,0.21,59284,531,26
Ford,101.0,203,2576,250,0.25,50599,511,28
Tesla,33.7,681,2213,50,0.3,61720,149,39
Audi,41.3,744,2141,50,0.24,73063,230,48
Hyundai,115.8,666,2905,350,0.28,79162,514,23
Audi,38.5,733,2262,250,0.26,75808,226,10
Audi,101.0,507,2601,100,0.29,63178,363,55
Polestar,37.3,746,2235,250,0.27,66949,205,10
BMW,41.7,603,2193,250,0.31,62991,211,10
Chevrolet,36.6,187,1980,150,0.28,46364,149,18
Nissan,31.3,749,1999,250,0.32,61491,155,10
Ford,109.7,641,2649,100,0.24,73210,361,61
Kia,56.6,318,2088,150,0.26,52410,199,24
Mercedes-Benz,69.4,603,2218,150,0.27,67508,325,31
Chevrolet,86.3,555,2407,350,0.25,71232,370,16
Porsche,49.0,199,2095,250,0.26,50295,227,15
Nissan,60.7,200,1984,150,0.28,45021,243,26
Kia,90.5,699,2353,50,0.31,76489,354,100
Kia,70.9,402,2415,150,0.2,63805,331,25
Ford,65.2,337,2250,150,0.34,53346,317,23
Audi,97.8,262,2406,350,0.3,57982,413,17
Ford,99.0,106,2352,250,0.26,50092,429,26
Polestar,52.5,401,2206,50,0.28,48794,177,59
Mercedes-Benz,109.1,194,2385,250,0.26,54080,544,27
Mercedes-Benz,41.9,555,2156,150,0.29,72186,220,19
Polestar,56.7,619,2376,150,0.31,66006,266,25
Porsche,66.1,673,2267,50,0.23,67440,277,75
Chevrolet,71.1,427,2106,50,0.32,61299,306,81
Rivian,78.7,622,2534,100,0.31,66535,320,45
Hyundai,76.2,527,2234,350,0.34,64090,345,13
Rivian,96.2,425,2610,50,0.24,62364,440,104
Nissan,88.6,296,2465,250,0.3,53525,402,20
Hyundai,51.2,266,2088,350,0.24,38416,224,11
Nissan,63.7,456,2257,100,0.3,56556,250,38
Hyundai,76.3,520,2300,100,0.23,74586,324,45
Mercedes-Benz,58.2,473,2411,150,0.28,61921,252,25
Nissan,32.2,514,1951,350,0.31,59319,117,10
Mercedes-Benz,64.7,685,2426,50,0.31,65030,310,71
Chevrolet,51.3,197,2035,150,0.27,46737,241,19
BMW,71.6,694,2249,100,0.27,91802,315,40
Polestar,120.5,158,2511,350,0.28,58896,540,21
Polestar,52.0,429,2063,50,0.31,64254,270,59
Hyundai,54.7,213,2003,250,0.26,48531,274,16
Polestar,116.2,129,2792,50,0.23,47015,593,127
Polestar,41.0,535,2167,250,0.31,52099,187,10
Audi,43.0,637,2104,50,0.22,63432,128,50
Polestar,66.5,138,2063,250,0.22,49240,322,18
Rivian,115.1,131,2701,100,0.26,60031,435,65
Volkswagen,88.5,742,2438,250,0.32,78186,375,23
Audi,84.4,538,2520,50,0.26,67601,383,93
